country_iso3,country_name,year,gdp_growth,inflation,gov_debt_gdp,external_debt_gni,reserves_months_imports,current_account_gdp,exports_gdp,gdp_per_capita,fx_official_rate,real_interest_rate,spread_bps,provenance,data_note,voice_accountability,political_stability,government_effectiveness,regulatory_quality,rule_of_law,control_corruption
ARG,Argentina,2000,-1.9463102253703397,8.851874449562326,134.73182102170009,129.83198775719654,3.4130519719050927,-6.284339046695713,14.994235297043181,1211.3728816118387,16.303525074122966,5.68578081274845,2019.7203539040904,synthetic_demo_only,SYNTHETIC DEMO DATA — generated by scripts/make_sample_data.py. NOT real sovereign ratings. Do not use for empirical conclusions.,-0.20473236633298364,-0.8029670792618181,,,-0.5624294558529722,
ARG,Argentina,2001,-2.113915883476357,8.089642841498339,151.72659136809582,110.93988784441235,0.985186788400063,-1.4962137818094763,21.583149997763222,860.87746605049,16.31491709506493,8.153519758487565,3000.0,synthetic_demo_only,SYNTHETIC DEMO DATA — generated by scripts/make_sample_data.py. NOT real sovereign ratings. Do not use for empirical conclusions.,-0.5536958503941893,-1.270718135595161,-0.36974996862772785,,-0.7030775441768592,-0.5837788515160214
ARG,Argentina,2002,-0.9239372946905438,13.342770819319245,146.32634845260642,121.88393694723187,0.45031594847310263,-0.4680990386429156,10.71910196970417,956.3525160664478,17.36732369943973,7.478945352901336,3000.0,synthetic_demo_only,SYNTHETIC DEMO DATA — generated by scripts/make_sample_data.py. NOT real sovereign ratings. Do not use for empirical conclusions.,-1.0745932931992157,-1.2010688507710865,-0.13799664409933288,-0.26064220497669444,-0.810591687184225,-1.1701453937227657
ARG,Argentina,2003,-2.2279291717674203,12.808201954614939,150.44882902762882,115.3637421606337,0.1,-3.9533930896342695,21.16587543505601,970.1370314265032,18.276454053897663,5.994905524215114,1801.751090099168,synthetic_demo_only,SYNTHETIC DEMO DATA — generated by scripts/make_sample_data.py. NOT real sovereign ratings. Do not use for empirical conclusions.,-1.2379217132531306,-2.0761884688758108,-0.5025284562803161,-0.9271049419919285,-0.9395542556893065,-1.0488219486062194
ARG,Argentina,2004,-3.934655668309834,10.526826087522535,159.8221756651105,120.59354720110018,3.94318463513595,-8.041914335318623,14.1659589649141,874.2706158234563,18.67737967632077,10.47071380539921,1910.4690716011542,synthetic_demo_only,SYNTHETIC DEMO DATA — generated by scripts/make_sample_data.py. NOT real sovereign ratings. Do not use for empirical conclusions.,-1.023824767419541,-0.955281832229604,-0.8548006852204443,-0.821712078120565,-0.9637613209839966,-0.8197674726601516
ARG,Argentina,2005,-0.35009617374105606,11.970393286616103,147.4150866945618,120.87527508918413,0.1,-0.34125024458688413,17.01325216546317,1079.6308608829809,21.006456359429112,4.865459499112533,1561.4047815604417,synthetic_demo_only,SYNTHETIC DEMO DATA — generated by scripts/make_sample_data.py. NOT real sovereign ratings. Do not use for empirical conclusions.,-1.0222968074359784,-1.2202635872929477,-0.1575037450512164,-0.6688684821652873,-0.8853666853927208,-0.08066547675040481
ARG,Argentina,2006,-2.874708127607386,7.65951766059867,135.9060225063812,110.97272756738168,2.4542400570479432,-1.3704823633003296,26.470113217370397,1134.7362080349342,21.042662690146823,6.544301282966743,939.2583610147864,synthetic_demo_only,SYNTHETIC DEMO DATA — generated by scripts/make_sample_data.py. NOT real sovereign ratings. Do not use for empirical conclusions.,-1.4759742552805968,-0.868870447143123,-0.9424511577581404,-0.23109013054612482,-0.7579091488791659,-0.9546480432758027
ARG,Argentina,2007,1.3520368026172314,9.804330667806573,143.89154192528153,124.34055913497714,4.368483518305904,-2.010451832315037,19.1876121775691,1512.4356735861993,22.470750785608946,0.960987969148134,1493.1358547348884,synthetic_demo_only,SYNTHETIC DEMO DATA — generated by scripts/make_sample_data.py. NOT real sovereign ratings. Do not use for empirical conclusions.,-0.9259102185761316,-0.899888082128183,-0.11936315625655658,-0.49265171446030137,-0.33906722908400033,-0.24068334583048595
ARG,Argentina,2008,2.187330309073229,11.55858161197513,126.0201703700004,103.67447510446537,3.893730920745286,0.26348820060242906,28.428351468615283,1754.5493428161772,25.88076624800146,-2.7226262134878993,983.419008630446,synthetic_demo_only,SYNTHETIC DEMO DATA — generated by scripts/make_sample_data.py. NOT real sovereign ratings. Do not use for empirical conclusions.,-0.9850860313630923,-0.6090539917298774,0.21333638497799595,-0.5419034950074504,-0.9097389313444214,-0.11014298909709869
ARG,Argentina,2009,-1.6141720477874244,10.00441553214048,135.47601248325697,95.38142293104133,3.7463874570854454,0.7490997699482755,20.81547500513052,1845.4375729277235,29.15515185076771,4.456456934704866,906.6678040028645,synthetic_demo_only,SYNTHETIC DEMO DATA — generated by scripts/make_sample_data.py. NOT real sovereign ratings. Do not use for empirical conclusions.,-1.3857547366247922,-0.632068185119304,-0.1444377019653024,0.030276269614819662,-0.08551903475898381,-0.9207338679874464
ARG,Argentina,2010,1.6318576131000966,10.273898863582916,131.04998520752446,127.40050736598641,1.6740018382980908,-2.0176531654831535,16.15794201928138,1769.5584819648404,30.409297806694443,3.461642799553688,623.3369336315519,synthetic_demo_only,SYNTHETIC DEMO DATA — generated by scripts/make_sample_data.py. NOT real sovereign ratings. Do not use for empirical conclusions.,-1.2237940268970315,-0.8991397486607746,-0.7762378002405921,-0.16317636282922385,-0.7345931169841613,-0.9003075921034314
ARG,Argentina,2011,2.0905692903833972,10.224205845800423,139.17773231347724,101.05305426342267,3.503102448390819,-4.64662328197454,25.14449782602483,1799.6539850242075,31.864069028123645,1.5123226491929547,761.5133738445342,synthetic_demo_only,SYNTHETIC DEMO DATA — generated by scripts/make_sample_data.py. NOT real sovereign ratings. Do not use for empirical conclusions.,-0.7337605000200452,-0.13943366908863075,-0.6556935437207753,-0.25259454593227126,-1.1635237944743575,-0.6588960593794908
ARG,Argentina,2012,-0.5885731419105109,11.699395365427902,154.34601483111132,111.664186300562,4.571954970672642,-1.3439588784885543,23.223547471669225,1848.80888271489,29.42624125138932,4.563154210593777,639.9532191925612,synthetic_demo_only,SYNTHETIC DEMO DATA — generated by scripts/make_sample_data.py. NOT real sovereign ratings. Do not use for empirical conclusions.,-0.353943901691426,-0.8170257164500826,-0.37002468857883486,-0.36829326052755995,-0.40559970475474644,-0.3566767404044362
ARG,Argentina,2013,0.9007958541986967,5.498833275879982,134.32357414586076,107.03760550375593,2.1108290987196647,-1.6338757232720533,40.743086544268884,2034.1420871884318,29.307961281636114,-0.0028004994289800855,1564.0475211212129,synthetic_demo_only,SYNTHETIC DEMO DATA — generated by scripts/make_sample_data.py. NOT real sovereign ratings. Do not use for empirical conclusions.,-0.5224913194444378,-0.4214429833016939,-0.4050391813889695,-0.3735748725922755,0.3164519410431136,-0.5591191627198724
ARG,Argentina,2014,0.8459230414143035,10.869627521433404,131.85298142773243,124.942765042112,1.5837314776851263,-3.028451612731258,15.084153049412851,1204.2051158037305,30.792250369894326,6.9245059910069475,2935.8449692463364,synthetic_demo_only,SYNTHETIC DEMO DATA — generated by scripts/make_sample_data.py. NOT real sovereign ratings. Do not use for empirical conclusions.,-0.7484909631677761,-1.0708386762188884,-0.38456192140727236,-0.5067579285911364,-0.9631238212370397,-0.272995424847698
ARG,Argentina,2015,2.027983849191882,13.037267653080308,142.18967973769597,83.70826355680097,2.3686204715945487,-3.225616619119812,6.602667485410045,1195.8785109996245,29.95162723221282,3.803463558009634,1333.9506507052963,synthetic_demo_only,SYNTHETIC DEMO DATA — generated by scripts/make_sample_data.py. NOT real sovereign ratings. Do not use for empirical conclusions.,-0.024805997501062604,-0.9857019479465563,-0.5633077559396834,-0.27258883618879076,-0.05613391580266369,-0.7127131534213946
ARG,Argentina,2016,-2.3052682372876547,9.69785926192472,137.49707652727088,98.52912095652306,2.1888869405360882,3.813999742260123,,1744.1924494742957,28.965949051048554,8.449401218596307,1303.8130750995597,synthetic_demo_only,SYNTHETIC DEMO DATA — generated by scripts/make_sample_data.py. NOT real sovereign ratings. Do not use for empirical conclusions.,-0.2853589159226911,-0.8260491569367324,-0.2441430111438772,-0.2550719399726161,-0.8522495623983433,-0.4273932463624557
ARG,Argentina,2017,-1.4543465571438494,4.221599759826116,138.2117195026122,113.52107794598196,2.5109259456082413,-2.950979684598564,29.077632615217205,1823.1323095452813,28.988105400779435,6.017191679903856,986.5504473183994,synthetic_demo_only,SYNTHETIC DEMO DATA — generated by scripts/make_sample_data.py. NOT real sovereign ratings. Do not use for empirical conclusions.,-0.36553788602759385,-1.0016770494867022,-0.04393673377842877,-0.03384278053908257,-0.741276332101539,-0.6176820030897191
ARG,Argentina,2018,-2.6563999490248267,11.225043216374113,156.00033539129967,127.5464115559771,4.060878759401499,2.889357193730248,17.01311237732112,902.9738588994635,31.556356145304946,-0.8539449213032144,3000.0,synthetic_demo_only,SYNTHETIC DEMO DATA — generated by scripts/make_sample_data.py. NOT real sovereign ratings. Do not use for empirical conclusions.,-0.8051961224343716,-1.1323036707699956,-0.5545254479917163,-1.1145798482209457,-1.1999255235693782,-1.3578684849905454
ARG,Argentina,2019,-4.988605358087958,6.573438097758257,149.20266458583933,118.8980699510415,4.212248109121304,-6.172888020323613,8.310505153701426,1093.9940765680753,35.497193194466035,1.289975795256613,3000.0,synthetic_demo_only,SYNTHETIC DEMO DATA — generated by scripts/make_sample_data.py. NOT real sovereign ratings. Do not use for empirical conclusions.,-1.2032779789506927,-1.2753625942430213,-1.2448058953616075,-0.8911845538646617,-0.8180809206856757,-0.8772482435195501
ARG,Argentina,2020,-1.3526320497319322,16.263533096211525,141.27580228631174,126.15278835075846,0.626737273276417,-5.8784004482090015,20.130553367262024,742.8922616010689,38.457670466355026,5.376343652525868,1976.7488603573577,synthetic_demo_only,SYNTHETIC DEMO DATA — generated by scripts/make_sample_data.py. NOT real sovereign ratings. Do not use for empirical conclusions.,-0.8823578860803131,-1.8309861297811283,-1.1225260729324997,-1.3703547552276358,-1.3314489744710185,-0.5716528959547202
ARG,Argentina,2021,-0.8027012401513163,10.665536249552485,146.67869371032512,133.6921839720764,2.48981783518569,-4.506001437215989,21.538772860719646,828.927279299845,41.201182785374314,4.941381787740681,1081.8935442484762,synthetic_demo_only,SYNTHETIC DEMO DATA — generated by scripts/make_sample_data.py. NOT real sovereign ratings. Do not use for empirical conclusions.,-0.6074822128346622,-0.7535741485019414,-1.2234710460519986,-0.42731482113920144,-0.5083643162424736,-0.8929963559801035
ARG,Argentina,2022,0.8078366774198935,12.454426614680116,141.86884052614303,117.72619152654244,0.42661631910689546,1.0337540685126974,30.546950737460485,1241.685890097553,44.69629604105179,3.501190640150526,1756.030423922825,synthetic_demo_only,SYNTHETIC DEMO DATA — generated by scripts/make_sample_data.py. NOT real sovereign ratings. Do not use for empirical conclusions.,-0.5510676059386265,-0.6664873963771762,-0.6473020329587615,-0.7181252349221022,-0.5641749278835734,-0.4608797192493111
ARG,Argentina,2023,-0.47229533635469634,11.326028361116816,137.3463714500415,108.26574316478117,2.0312719709518885,-5.071697035123907,16.978732208244473,1000.7203926902197,45.01933255982386,5.133575960709709,1936.4791016162078,synthetic_demo_only,SYNTHETIC DEMO DATA — generated by scripts/make_sample_data.py. NOT real sovereign ratings. Do not use for empirical conclusions.,-0.40287896627940817,-1.0483360476727126,-0.3075203698584653,-0.4156481192156975,-1.1439313250272662,-0.814910248812743
BRA,Brazil,2000,3.067550389300168,,103.71416854427896,86.90378575291457,4.040932611781605,0.9127152787672375,35.994941297773806,3929.068999915146,8.164070588694175,3.427966683440237,169.7247989797716,synthetic_demo_only,SYNTHETIC DEMO DATA — generated by scripts/make_sample_data.py. NOT real sovereign ratings. Do not use for empirical conclusions.,-0.5321878413489893,-0.1183139916754193,,0.24497192497013787,0.3120686637460188,0.15323221547827226
BRA,Brazil,2001,2.8364708604690403,10.419396619564191,107.40003864721011,75.30793503383131,4.4072467612053146,4.7624617720745785,28.770056630281257,4754.710942619549,8.548280849127758,4.558314999300589,309.8552820937223,synthetic_demo_only,SYNTHETIC DEMO DATA — generated by scripts/make_sample_data.py. NOT real sovereign ratings. Do not use for empirical conclusions.,,,0.2731336293488601,0.3171034863170612,,
BRA,Brazil,2002,1.08561656890237,5.946680374330542,132.89026542443094,85.36254327547992,4.115312026464505,-2.663738742593732,29.54284900288808,3530.91269429098,8.657592228479633,1.0914175516428117,366.51860695047867,synthetic_demo_only,SYNTHETIC DEMO DATA — generated by scripts/make_sample_data.py. NOT real sovereign ratings. Do not use for empirical conclusions.,0.2673319669344682,-0.20051926793029154,0.020752902762991354,0.04886250272042178,0.38703703212790375,0.43641378362198424
BRA,Brazil,2003,1.0949552704594798,10.550356342071163,130.60821073827688,99.05665694550088,3.3315691877720797,0.8246255126312557,42.290598129905774,3850.6895559960585,9.413760103264398,0.9949909892268185,151.8276562020057,synthetic_demo_only,SYNTHETIC DEMO DATA — generated by scripts/make_sample_data.py. NOT real sovereign ratings. Do not use for empirical conclusions.,-0.4208307597769247,-0.3275153610917052,0.3477107841586611,-0.19312968773229075,0.4170790247409142,-0.18561369763909513
BRA,Brazil,2004,0.06369956888295669,2.683382708469331,122.38034616758479,93.375994441521,2.4513315022154827,-0.5986920194393937,34.10984706530526,2782.0392492307665,9.782186665495367,3.6638647319151696,263.65841550983095,synthetic_demo_only,SYNTHETIC DEMO DATA — generated by scripts/make_sample_data.py. NOT real sovereign ratings. Do not use for empirical conclusions.,0.2721145404438676,-0.38674676230846544,0.5041472442277313,-0.3389759290677745,0.6805800887079109,0.24062545928685503
BRA,Brazil,2005,0.29469040864116913,9.32694162453331,122.95916568682267,96.88045816396081,4.527370703961336,1.7587633255168877,24.607348475510396,2946.519952604851,9.647764646506458,2.6124398140144205,266.855244593273,synthetic_demo_only,SYNTHETIC DEMO DATA — generated by scripts/make_sample_data.py. NOT real sovereign ratings. Do not use for empirical conclusions.,0.1382729094702651,-0.3500912822398359,-0.30495210274184703,0.42718289914186786,0.16077419868130688,-0.2052084703777951
BRA,Brazil,2006,-0.7237245116065978,12.846067214267528,108.7137681832583,96.05941841304193,,2.891281095863381,27.651890246331124,3052.792954430213,10.623158335499065,-0.5551914909639879,245.26170873472012,synthetic_demo_only,SYNTHETIC DEMO DATA — generated by scripts/make_sample_data.py. NOT real sovereign ratings. Do not use for empirical conclusions.,-0.21035877243209566,-0.23669176657117785,0.40261236880300116,-0.12122368245736063,-0.3877391328165286,0.4688987967005977
BRA,Brazil,2007,-2.9707863529624934,12.473353361110167,107.81396711278623,97.35374455955107,5.664819732992133,3.6009286720588625,29.45082439949888,2757.3995091168945,11.198450674492682,2.911625078893688,309.72420772435447,synthetic_demo_only,SYNTHETIC DEMO DATA — generated by scripts/make_sample_data.py. NOT real sovereign ratings. Do not use for empirical conclusions.,-0.2203480102334191,-0.4619056783376251,-0.012059779170369683,-0.543544872356564,-0.12964682663337979,0.17363211040850465
BRA,Brazil,2008,-1.3568961391269143,7.112245472402244,124.72335774073373,116.06429483348546,3.636431054732004,-2.821236722237686,26.129053189443685,2514.8429805950295,12.295816406931609,2.3741650427839365,275.99177968666146,synthetic_demo_only,SYNTHETIC DEMO DATA — generated by scripts/make_sample_data.py. NOT real sovereign ratings. Do not use for empirical conclusions.,-0.3660505255173693,-0.6060089310519834,0.19775669496771828,-0.170999460563115,0.07681629550720362,-0.35190635069467346
BRA,Brazil,2009,1.8683860816735898,7.7931757181533685,124.13092982170909,94.30088199483238,3.4352751322730866,3.027495877555546,30.46701044499894,2952.3931929020264,14.116743174014692,-1.041580136866882,107.74358359342506,synthetic_demo_only,SYNTHETIC DEMO DATA — generated by scripts/make_sample_data.py. NOT real sovereign ratings. Do not use for empirical conclusions.,0.11337721667186035,0.022311456019456083,0.3751695052535312,0.036634031478831,-0.07063626784862281,0.19800133149637478
BRA,Brazil,2010,0.8068030182303487,8.688028670310088,118.61626975933511,79.95383071748428,2.036982493015356,0.9199330123505856,32.06231091386779,3755.868665259004,14.52816492061167,1.7340213368534663,350.758522408963,synthetic_demo_only,SYNTHETIC DEMO DATA — generated by scripts/make_sample_data.py. NOT real sovereign ratings. Do not use for empirical conclusions.,-0.4298466308806174,-0.681623031604603,0.7282456993743502,0.5157299437791882,0.12633607658364523,-0.45334835479829233
BRA,Brazil,2011,1.3528120905721983,11.886695774168738,98.24094894231078,93.34309997799396,4.605463607934311,-0.2159004893917194,20.25010223951051,2895.1818750340403,12.599652217950291,4.139533678363746,126.44927209295534,synthetic_demo_only,SYNTHETIC DEMO DATA — generated by scripts/make_sample_data.py. NOT real sovereign ratings. Do not use for empirical conclusions.,0.28160981017087977,0.1282852566711803,-0.08447743724039491,0.4503149055191734,0.25794986755836197,-0.08580164153718457
BRA,Brazil,2012,0.2933378450731823,10.192001542698975,108.80400244889087,80.96330317126542,6.044463471253216,1.6853660034599314,,4407.59950037205,12.773623213846914,3.1759698592223224,141.59415968233398,synthetic_demo_only,SYNTHETIC DEMO DATA — generated by scripts/make_sample_data.py. NOT real sovereign ratings. Do not use for empirical conclusions.,-0.16894334771225805,-0.5754541731710058,0.6825786369877375,0.522197574381468,0.8289777233282865,0.6500409404831371
BRA,Brazil,2013,-1.4106232385729813,9.89907231533404,,91.59795157658658,3.958115011478182,3.1727355721185724,27.734019954321386,4157.984708910836,12.780352894496007,3.2453110922456334,232.68343161852394,synthetic_demo_only,SYNTHETIC DEMO DATA — generated by scripts/make_sample_data.py. NOT real sovereign ratings. Do not use for empirical conclusions.,-0.06178719802451023,0.42703303527543374,0.5356155571500736,0.2822459797052115,0.17611707662993448,-0.08550088463480535
BRA,Brazil,2014,1.6244932594231716,4.589419336515097,110.3141876705783,97.89255542098272,4.461565963146456,-0.13210329323602193,28.98904412765704,4633.12224769826,12.449134535346264,0.014334089113245074,200.3687556511315,synthetic_demo_only,SYNTHETIC DEMO DATA — generated by scripts/make_sample_data.py. NOT real sovereign ratings. Do not use for empirical conclusions.,0.5774924137548668,-0.28312698498814726,0.7437439070052098,0.16009246795561266,-0.11853356004281723,0.5289235007386849
BRA,Brazil,2015,0.11841757513441636,8.669485515713237,125.02850096522644,91.34325446596468,4.201645714325153,-2.268989659083513,34.83291892625516,2683.9989085913694,13.093308389054465,-0.9225069316908279,295.88600343768616,synthetic_demo_only,SYNTHETIC DEMO DATA — generated by scripts/make_sample_data.py. NOT real sovereign ratings. Do not use for empirical conclusions.,-0.23318025256476385,-0.1254812212055874,-0.3544149225776527,-0.22024350302821946,-0.17682623453427415,-0.20346430522848602
BRA,Brazil,2016,-2.4656602568936097,6.62884636508,108.71968486039059,109.96287114964001,3.7085912755685198,2.646426424114071,34.714097600460946,2784.870794580121,14.49061833855649,4.992295666964792,615.308514500092,synthetic_demo_only,SYNTHETIC DEMO DATA — generated by scripts/make_sample_data.py. NOT real sovereign ratings. Do not use for empirical conclusions.,-0.7404366105717641,-0.5597254202972357,-0.2229033073607346,0.11573237190865257,-0.014321303637856164,-0.4750994037045425
BRA,Brazil,2017,0.36715816990128325,6.735334191715143,108.04601150504054,94.95367541171586,3.275895160019828,-2.0832820904260148,32.50925152045414,3389.527028460099,14.400341193389876,3.8234222136140272,214.32397007693478,synthetic_demo_only,SYNTHETIC DEMO DATA — generated by scripts/make_sample_data.py. NOT real sovereign ratings. Do not use for empirical conclusions.,0.08789055040375124,-0.1892229434425501,-0.08332474556294073,0.001102918240942996,0.0980423825657842,-0.019348799405232833
BRA,Brazil,2018,2.1081613819704863,6.611238214827274,110.14949478221656,81.17858042883637,4.076927709728791,-0.5012225619170644,35.50309486794325,4151.405975514346,14.128181525365896,1.0196461665411478,370.6424575985056,synthetic_demo_only,SYNTHETIC DEMO DATA — generated by scripts/make_sample_data.py. NOT real sovereign ratings. Do not use for empirical conclusions.,-0.26809327632074814,-0.23204110753613108,0.28088293766307726,0.3147255019623012,-0.49131601128481317,0.1405567327241245
BRA,Brazil,2019,-0.09128786824510937,8.826247411146953,120.43770973805144,107.91357946271859,3.6058492363028254,0.8860289405520334,19.41998311044158,2525.2225311935317,13.919984418351776,1.5412202032922904,191.04469737534222,synthetic_demo_only,SYNTHETIC DEMO DATA — generated by scripts/make_sample_data.py. NOT real sovereign ratings. Do not use for empirical conclusions.,-0.48346228411521963,-0.341313962700448,0.09536390555833213,0.27372532016791523,0.17577968452553672,0.5027128516101151
BRA,Brazil,2020,2.5345883875068216,,100.2529630513078,96.93217326124791,5.922558656931046,-5.363046870199982,35.59225360226149,3484.6105336029113,13.758456402392133,6.471037662289824,133.35903503241445,synthetic_demo_only,SYNTHETIC DEMO DATA — generated by scripts/make_sample_data.py. NOT real sovereign ratings. Do not use for empirical conclusions.,-0.14751058257785568,-0.21748938929397194,0.07878173129385875,-0.18242238518386325,-0.7916226254483174,-0.2726856842379938
BRA,Brazil,2021,0.08886606354217808,2.992896455262101,108.48147208175224,88.11321265357172,3.5170080935874726,0.7101155948180506,27.19153180683345,4871.517050600922,13.762865564997735,-2.1528048301301514,112.81822681785322,synthetic_demo_only,SYNTHETIC DEMO DATA — generated by scripts/make_sample_data.py. NOT real sovereign ratings. Do not use for empirical conclusions.,0.09243645755081127,-0.2333965310530765,-0.3386832127761003,0.5236133038906876,0.4820002211028072,-0.053383054096120874
BRA,Brazil,2022,2.044005270148279,5.012642604125726,109.41216589739354,85.90176473104574,3.980794509032524,-1.6531029918896758,19.385642000315393,3678.5147819006675,13.423455749820215,1.946626922324762,117.57079168669668,synthetic_demo_only,SYNTHETIC DEMO DATA — generated by scripts/make_sample_data.py. NOT real sovereign ratings. Do not use for empirical conclusions.,0.47500022736741676,-0.367518807759541,-0.08088021972178233,-0.09666575775971237,0.5406047750633776,0.006722864094227288
BRA,Brazil,2023,1.109444623437725,8.153376569494432,119.67381202740572,98.10052774032478,1.8167978388997374,-1.6220712472525416,29.908035286402743,3130.403361319833,13.586902756806342,0.14720153552136495,271.1830197159909,synthetic_demo_only,SYNTHETIC DEMO DATA — generated by scripts/make_sample_data.py. NOT real sovereign ratings. Do not use for empirical conclusions.,-0.37552352055007304,-0.3630152874506343,0.35087419923388324,-0.3880928536527879,-0.39530043552870037,-0.23572473776946276
CHN,China,2000,3.1641887340296995,,97.62047417977854,67.69394880420737,5.364814922648478,0.9002546369135767,49.37885755800046,7956.28772681385,4.642356294119998,1.8067407361308363,39.880370128445406,synthetic_demo_only,SYNTHETIC DEMO DATA — generated by scripts/make_sample_data.py. NOT real sovereign ratings. Do not use for empirical conclusions.,-0.34968609624044655,,0.8044316221748286,0.7298555749947044,1.0576129050024474,0.6501531354438447
CHN,China,2001,1.324076326285061,5.491987506109056,94.22893478710404,70.34605367169895,5.40985434164679,1.5786858565064037,37.552979423450005,8150.292657567912,4.726687840793183,3.135249869765752,36.318983179459224,synthetic_demo_only,SYNTHETIC DEMO DATA — generated by scripts/make_sample_data.py. NOT real sovereign ratings. Do not use for empirical conclusions.,0.32514710595564184,0.21449988337334716,0.6511287553478108,0.07165619347585583,0.7167026061934172,0.8187962751137843
CHN,China,2002,0.7736349736884662,,111.24757564841639,81.05368328605988,3.972721102042065,2.3721193501682065,45.32377072507624,7581.65239561184,4.62032064014529,-2.6932822784983586,51.0670155543536,synthetic_demo_only,SYNTHETIC DEMO DATA — generated by scripts/make_sample_data.py. NOT real sovereign ratings. Do not use for empirical conclusions.,0.390135370470182,0.5531298858570413,0.5218457257850113,0.8617369671076986,0.24678894388205286,0.35228281226291996
CHN,China,2003,1.694993534354976,4.858375402477861,98.85839253634524,72.6017509422736,7.731693468619307,4.746909833608438,44.017396772301844,7028.428039031523,4.294258488062921,-5.870710974170123,54.972538657635866,synthetic_demo_only,SYNTHETIC DEMO DATA — generated by scripts/make_sample_data.py. NOT real sovereign ratings. Do not use for empirical conclusions.,0.8003520791629556,-0.010127359083735299,0.576090082134013,0.8636467112622683,0.18834646502469432,0.2839196087677942
CHN,China,2004,1.553433952991309,11.1230817178987,72.99800238668254,97.48817938818912,3.7860308053312774,2.5984292208633475,39.19752486437263,6657.102887421243,4.629626081094544,-1.207500071831261,88.5007057918084,synthetic_demo_only,SYNTHETIC DEMO DATA — generated by scripts/make_sample_data.py. NOT real sovereign ratings. Do not use for empirical conclusions.,0.7868600859754808,0.6104918059596918,0.8367113866901522,0.355879087043594,0.44284568145967057,0.7304617078551916
CHN,China,2005,2.7186711727640214,5.02164084884588,85.83892591438881,78.75201830407082,4.673306247391491,1.7120079651114783,26.3417809304501,5852.686150996096,4.450229845331815,-0.7074919672331113,123.26317017359122,synthetic_demo_only,SYNTHETIC DEMO DATA — generated by scripts/make_sample_data.py. NOT real sovereign ratings. Do not use for empirical conclusions.,0.4190186805711686,0.8582923136511074,0.4700071864031701,0.6082253557526718,0.36316781495221384,0.9920497013403843
CHN,China,2006,1.8728741960194433,6.86768106241912,97.0937002940321,71.13730346308411,7.696906195995263,4.575854442130609,37.608247211271355,10042.667403004994,4.718249110456532,-1.6017078057307907,51.05307088995472,synthetic_demo_only,SYNTHETIC DEMO DATA — generated by scripts/make_sample_data.py. NOT real sovereign ratings. Do not use for empirical conclusions.,1.0648025928881417,0.033703608094125204,0.5559519245775142,1.063322017881929,0.8102922509529199,0.3794865638098424
CHN,China,2007,1.9787289379467174,6.117009542405169,,73.85287847315735,5.752898345734885,3.000668616548081,46.52563122929925,8847.531835003845,4.581998894182946,-0.5539860521897456,45.5545278042425,synthetic_demo_only,SYNTHETIC DEMO DATA — generated by scripts/make_sample_data.py. NOT real sovereign ratings. Do not use for empirical conclusions.,0.8431475448424555,0.756059593925948,1.2034857607522436,0.9526799993883109,0.7760908230905041,1.2959400659402105
CHN,China,2008,2.9379697975620105,8.049692446911822,103.31185009665603,74.22744773621912,5.4978454573046065,5.468812786082474,29.408097877961062,7274.021617305283,4.662457717688807,-3.857290863602433,56.448807878934815,synthetic_demo_only,SYNTHETIC DEMO DATA — generated by scripts/make_sample_data.py. NOT real sovereign ratings. Do not use for empirical conclusions.,0.930159723458846,0.1830969618779377,0.6192541357604138,0.3017480060709418,1.1962500810376286,0.5614290481103867
CHN,China,2009,4.715316168945096,4.135289535647498,99.95070527370075,78.0404742026666,6.749012645955373,4.155452431005909,48.334465799539345,9077.797354272414,4.945775384538185,2.1263917341550957,63.913264566720365,synthetic_demo_only,SYNTHETIC DEMO DATA — generated by scripts/make_sample_data.py. NOT real sovereign ratings. Do not use for empirical conclusions.,0.6261771605609358,-0.006433087902367074,1.188184498175654,0.4245988202320634,1.284346012475988,0.8196409306469528
CHN,China,2010,1.9594917408946173,8.85366665335308,82.21579478695641,78.54857035926581,6.749517650185985,2.52794873306885,36.70925344078928,9636.357006756178,4.900661245672365,-3.0588700123911305,29.73536888988216,synthetic_demo_only,SYNTHETIC DEMO DATA — generated by scripts/make_sample_data.py. NOT real sovereign ratings. Do not use for empirical conclusions.,0.6501298342097899,-0.012325761593373175,0.7701382785169394,1.1745498425324439,0.422395637344973,0.666478349690553
CHN,China,2011,6.481193233130855,4.75010221927121,82.34779014999128,72.901622380459,6.855548118700376,0.8070324978369579,33.21431414201702,11108.222862183768,5.096454015335014,1.0094905633212201,44.25470166073503,synthetic_demo_only,SYNTHETIC DEMO DATA — generated by scripts/make_sample_data.py. NOT real sovereign ratings. Do not use for empirical conclusions.,0.314730678290068,0.2440580596765448,0.3251024759621951,1.3017564999719742,0.7613189398137281,0.5934070754599114
CHN,China,2012,2.9411857373511467,6.754325278341873,84.21172094048637,69.45739540611577,7.677079072119659,0.5881644263631527,40.77700033104312,7883.809872028591,4.588877653645938,1.6509080542493368,42.234469412845804,synthetic_demo_only,SYNTHETIC DEMO DATA — generated by scripts/make_sample_data.py. NOT real sovereign ratings. Do not use for empirical conclusions.,0.6180209790718181,0.21019673687854984,0.7106982515099131,0.21466974476566286,0.8340795462032768,0.6111469141601332
CHN,China,2013,2.1856070961756027,6.4218491570782295,93.28394656135312,86.22543734695442,4.161831857962786,4.019336446589295,37.18875860936456,6035.876660502652,4.453738438466073,1.7009462979019674,79.8467443470746,synthetic_demo_only,SYNTHETIC DEMO DATA — generated by scripts/make_sample_data.py. NOT real sovereign ratings. Do not use for empirical conclusions.,-0.35278186125419214,0.7466319766524914,0.5516997517042481,1.0139250449225616,0.650858829240414,0.43844409206246027
CHN,China,2014,4.033010896288584,0.846898403987824,84.77973986537332,61.3274066074556,5.153432539282874,2.578471885880268,35.90135146095914,6946.881165550548,4.1190498719824244,0.6430860297497908,105.99542213828211,synthetic_demo_only,SYNTHETIC DEMO DATA — generated by scripts/make_sample_data.py. NOT real sovereign ratings. Do not use for empirical conclusions.,0.6033568918778999,0.21454665529478203,1.0333430033663886,0.38122165919991746,0.5766508575637872,0.7626318650693173
CHN,China,2015,3.298283782177532,,96.83261323886329,88.52800959116942,8.04386578891251,4.820055803066316,39.262405372655586,4943.542096207667,4.3013786065231505,-3.373276256300177,44.01115135852892,synthetic_demo_only,SYNTHETIC DEMO DATA — generated by scripts/make_sample_data.py. NOT real sovereign ratings. Do not use for empirical conclusions.,0.5762998483599109,0.43302040207234715,0.3770849447977674,1.1343454998140292,1.0505950040089596,0.051517384875492456
CHN,China,2016,5.260619531721761,6.446948563403236,90.611873135851,59.92523336055443,4.181944854813818,-1.3623411496859403,50.11015706884838,7700.9524926641625,4.454438240149692,-1.3016874906128764,71.59155957087076,synthetic_demo_only,SYNTHETIC DEMO DATA — generated by scripts/make_sample_data.py. NOT real sovereign ratings. Do not use for empirical conclusions.,0.7862520468792588,0.7831594294009396,0.37574111483061234,0.32004943577043743,0.6793199832755656,0.6473921572664861
CHN,China,2017,2.1808477063991316,9.020741992722325,102.53336683289885,68.94400052158014,6.007930620348406,1.442280933226494,35.19274286440365,10176.601539697587,4.636444700737958,0.7942085158636173,90.77396163042205,synthetic_demo_only,SYNTHETIC DEMO DATA — generated by scripts/make_sample_data.py. NOT real sovereign ratings. Do not use for empirical conclusions.,0.08387170426539248,0.47353667892174084,1.2119384889148304,0.879863038320585,0.58558136540984,0.2081590026197287
CHN,China,2018,0.4876957908028383,7.89594738308955,97.53990542638451,69.91148965236707,6.582839264851555,2.9716485918642817,25.168087441835397,6888.353022516296,4.97989929676368,0.25762949767441634,162.66127589597957,synthetic_demo_only,SYNTHETIC DEMO DATA — generated by scripts/make_sample_data.py. NOT real sovereign ratings. Do not use for empirical conclusions.,0.23222215880085084,0.4483056643445815,0.7165124042215275,0.6328532391478217,0.09588165157727135,0.3635374861124359
CHN,China,2019,3.2369423345013173,5.287424445708786,94.60834924976488,65.74475715864278,7.999354144745822,-1.2020849607586275,49.74659504532126,9575.142042763711,5.433984270776135,-9.257723958025922,27.407308629996173,synthetic_demo_only,SYNTHETIC DEMO DATA — generated by scripts/make_sample_data.py. NOT real sovereign ratings. Do not use for empirical conclusions.,0.46382954244574803,0.6207643732078656,0.9027931145098296,0.5670383890799939,-0.14441551680733367,0.3922231603938629
CHN,China,2020,3.1488708643058985,1.7741041271332256,88.25269578418765,71.34324757839062,5.665365302454007,0.4116804379083714,41.29292797398972,9951.535819867036,5.349254612983436,4.015357613350874,51.404517971291654,synthetic_demo_only,SYNTHETIC DEMO DATA — generated by scripts/make_sample_data.py. NOT real sovereign ratings. Do not use for empirical conclusions.,0.33491900160042615,0.2203016334660168,0.3249176949883593,0.8681009575349521,0.8593383775594975,0.6996335370246104
CHN,China,2021,3.1259192695985347,4.382210556076503,84.65362698564637,56.49750283121874,6.623900584181284,4.062931630556702,38.267351851481976,10711.780815272274,6.280557705802385,0.002206368580801658,39.55358050035996,synthetic_demo_only,SYNTHETIC DEMO DATA — generated by scripts/make_sample_data.py. NOT real sovereign ratings. Do not use for empirical conclusions.,0.40256635629985743,-0.03349589291664967,0.9809389656986732,0.45052038753948936,0.5090916758272543,0.3040684161279018
CHN,China,2022,4.77447896181641,7.675768020467112,78.85194243018857,66.41788351553743,7.6986863349773955,0.1578124541701582,44.76331660839762,11085.686737179285,5.81685744151544,0.7650711146676341,19.436204805221966,synthetic_demo_only,SYNTHETIC DEMO DATA — generated by scripts/make_sample_data.py. NOT real sovereign ratings. Do not use for empirical conclusions.,0.3720192393157985,0.7322632459864673,0.9167677729744648,0.8392278178587904,1.5193959860746247,1.2339210647407126
CHN,China,2023,4.655796433864154,3.4030901592851865,99.46733216394755,65.43478422225623,,2.599865866399484,48.78216773246443,9193.369956047645,6.2440442316527935,-1.8639273678820991,32.560794426252016,synthetic_demo_only,SYNTHETIC DEMO DATA — generated by scripts/make_sample_data.py. NOT real sovereign ratings. Do not use for empirical conclusions.,0.8871033546175409,0.6579499377196201,1.0175159782197394,0.6345283281688405,0.6818969648710216,1.1037708383857097
DEU,Germany,2000,3.2392920723618572,3.2480770655945994,76.19284597657409,50.18696061178757,,4.4296148003930575,54.853337746912814,19402.286149137984,6.799620193550076,1.0993001445341086,8.0,synthetic_demo_only,SYNTHETIC DEMO DATA — generated by scripts/make_sample_data.py. NOT real sovereign ratings. Do not use for empirical conclusions.,,0.99944863248814,1.4432887649620774,1.1255340984224889,1.3675749919674411,
DEU,Germany,2001,5.377892055533713,7.144567063561954,66.64933056399893,57.326927371889475,6.7319042066546135,4.980317452575834,35.71506397051756,20061.485837241366,5.953788497527103,-2.4182759674788814,8.059393213083743,synthetic_demo_only,SYNTHETIC DEMO DATA — generated by scripts/make_sample_data.py. NOT real sovereign ratings. Do not use for empirical conclusions.,1.4530989979788975,1.3125619466723575,1.2807614546641057,,,1.213402569679273
DEU,Germany,2002,6.985798719368885,,60.92618256556606,51.02600876815344,6.1451327824427135,4.7488740096152995,41.880057634516575,23133.706991581872,6.106919829971377,-6.350769428798516,10.015248716572174,synthetic_demo_only,SYNTHETIC DEMO DATA — generated by scripts/make_sample_data.py. NOT real sovereign ratings. Do not use for empirical conclusions.,1.1274407433433693,1.3531443213128709,1.2755774961037172,1.2227132255473732,1.3983309944848972,1.3403367560954687
DEU,Germany,2003,3.2575500750667246,4.260023298504225,59.23646229808929,59.806076398460235,7.633335689765956,6.7577729505737185,41.284726442980926,27088.057564530085,6.080542176354934,5.219305112019277,8.0,synthetic_demo_only,SYNTHETIC DEMO DATA — generated by scripts/make_sample_data.py. NOT real sovereign ratings. Do not use for empirical conclusions.,1.5331419431476676,1.0888686408004888,1.3918315110913848,1.5674943781332606,1.4590595056350706,0.9369982253693282
DEU,Germany,2004,1.0616744906520683,2.208669895040613,68.00837011430062,62.153838184828764,6.504285566177366,7.346836211753984,46.705704932613784,21468.159301519943,5.984967193597384,-5.804504554367971,9.18280288459126,synthetic_demo_only,SYNTHETIC DEMO DATA — generated by scripts/make_sample_data.py. NOT real sovereign ratings. Do not use for empirical conclusions.,0.9493205143427528,0.725117015098661,1.3198880641827582,1.083453450980263,0.9066644958377221,1.3092522437425977
DEU,Germany,2005,3.041345690157142,-3.0,71.25801976356462,38.29271653293276,7.384232532118162,2.7534993322477535,42.219376227768265,19530.813509562588,6.3931837033567325,-5.158439634677603,10.694042413023094,synthetic_demo_only,SYNTHETIC DEMO DATA — generated by scripts/make_sample_data.py. NOT real sovereign ratings. Do not use for empirical conclusions.,1.151598607119225,0.9119896096673157,1.231993403393182,1.8798626683751691,0.8956732532862104,1.0719600811266417
DEU,Germany,2006,4.862217649209585,4.510177925658859,73.42690442455932,54.70481181880482,7.049884354896536,4.212609780090786,41.94171752493786,17714.250056173365,6.20269750179934,0.04240913359737419,8.0,synthetic_demo_only,SYNTHETIC DEMO DATA — generated by scripts/make_sample_data.py. NOT real sovereign ratings. Do not use for empirical conclusions.,1.1840980484873962,0.7654452799417505,1.2093243590161007,1.5943694675189657,0.9241060484422161,1.257885991487593
DEU,Germany,2007,5.208688766086024,3.9204121734996376,60.33328724435469,53.73765640589475,11.050750560536917,3.1430263109580205,57.56573151339796,19907.757633124103,6.2680287340685386,-4.931752028725013,8.10486897392079,synthetic_demo_only,SYNTHETIC DEMO DATA — generated by scripts/make_sample_data.py. NOT real sovereign ratings. Do not use for empirical conclusions.,1.0226655912515266,0.968971753941213,1.2366829575027187,1.3527803252839201,1.2425217078694037,1.003427052212343
DEU,Germany,2008,3.54139551074626,-0.42599233667077074,64.36276758152978,44.466722490595316,7.397110102821705,2.124498442908706,40.35804089353881,23341.493810602762,6.544583282442667,-1.6237270891508757,8.0,synthetic_demo_only,SYNTHETIC DEMO DATA — generated by scripts/make_sample_data.py. NOT real sovereign ratings. Do not use for empirical conclusions.,0.8739214130520387,0.7379901161574334,1.4185052042808441,1.7179524198622278,1.5829154667666296,1.137805201194473
DEU,Germany,2009,7.102962314208547,3.4328697548504605,71.00056909707756,42.09045641487302,9.180719610785017,6.282352181039253,50.239324520361976,16865.15590875793,6.2304380050055475,-2.23939466731549,8.339496031722138,synthetic_demo_only,SYNTHETIC DEMO DATA — generated by scripts/make_sample_data.py. NOT real sovereign ratings. Do not use for empirical conclusions.,0.8806823327871998,1.1601238363201134,1.3558275400508217,1.6213523928668265,1.6100662817819358,0.8810754772792091
DEU,Germany,2010,4.317936400530838,2.0361786196390317,56.74585591962185,56.67034699066819,8.339540381596448,6.229503492087137,,21751.257673403208,5.964593402682471,-0.6180005438187265,12.081808238860718,synthetic_demo_only,SYNTHETIC DEMO DATA — generated by scripts/make_sample_data.py. NOT real sovereign ratings. Do not use for empirical conclusions.,1.295435250875787,0.7623510991575029,1.4307741482266683,0.830998695011173,1.1915394268048074,1.3230756272107846
DEU,Germany,2011,6.818696547899679,2.5464126423244045,64.8885198388148,67.42267178791644,4.984693448659655,1.0917161506878497,47.826189663168584,22495.955793623067,5.690868282742126,-5.424216021423979,8.0,synthetic_demo_only,SYNTHETIC DEMO DATA — generated by scripts/make_sample_data.py. NOT real sovereign ratings. Do not use for empirical conclusions.,1.4162084977150595,0.8478629440173517,1.3695927623267137,1.8289860747691287,1.0467925068982806,1.6618684146842595
DEU,Germany,2012,4.44697952639107,2.1890037883303597,67.80856903064405,67.18919710823104,8.467682817310035,4.028640223108614,48.362276023308496,19798.54258960959,5.430818812106665,-0.6248340719365235,8.0,synthetic_demo_only,SYNTHETIC DEMO DATA — generated by scripts/make_sample_data.py. NOT real sovereign ratings. Do not use for empirical conclusions.,1.673165916657906,0.8233838958489,1.0345274648392897,1.307664505854795,1.6552022685548637,0.9770911804429481
DEU,Germany,2013,4.380035488327366,1.3747952685768963,44.909344098195874,44.46921219518761,6.825911976165296,4.6865510385842555,55.18395880062241,21838.6783796226,5.176479415789041,-2.803491088205245,8.0,synthetic_demo_only,SYNTHETIC DEMO DATA — generated by scripts/make_sample_data.py. NOT real sovereign ratings. Do not use for empirical conclusions.,1.3317790072403004,1.4395919150498095,1.51727374307125,0.6327282677361922,1.0832331468483256,1.7069347431448216
DEU,Germany,2014,4.988992849682809,5.073121162895159,66.05180941946337,54.581294738625736,10.324875864726385,2.6888339796705356,53.295993820601396,18633.7887301705,5.592469809184888,-1.3969085538640367,15.416014568698698,synthetic_demo_only,SYNTHETIC DEMO DATA — generated by scripts/make_sample_data.py. NOT real sovereign ratings. Do not use for empirical conclusions.,0.9862170696732055,0.9310722119767484,1.6157497035260582,0.9037018984581133,1.394668259658819,1.420822840717658
DEU,Germany,2015,3.822065788851516,4.82825762610838,72.49115811020805,55.80088658372679,6.806187319594579,-1.1967214393078054,48.15604918913837,21363.915746923754,5.201190823492694,-3.5847633031742996,8.0,synthetic_demo_only,SYNTHETIC DEMO DATA — generated by scripts/make_sample_data.py. NOT real sovereign ratings. Do not use for empirical conclusions.,1.5067919711900992,1.1268126679116197,1.465079478472679,1.865659434179566,1.5685983310619527,1.3100383086004215
DEU,Germany,2016,4.7526070716242135,1.8908943176013286,50.89336675324887,73.42600076071152,6.4594323173544925,9.640413531860922,41.67391893640586,21669.916255314725,4.836586355104849,3.2639092669443643,8.0,synthetic_demo_only,SYNTHETIC DEMO DATA — generated by scripts/make_sample_data.py. NOT real sovereign ratings. Do not use for empirical conclusions.,0.7796893617170848,1.2917784116552298,1.6030764711904733,1.1414550228781195,1.080575170711122,1.3905356131205397
DEU,Germany,2017,5.45016086824332,8.423461245714883,69.12784190487369,59.540570920992415,7.727697967046201,5.963654739312318,61.179630494283316,18776.26596335244,4.651726242801375,0.18949908807837734,8.0,synthetic_demo_only,SYNTHETIC DEMO DATA — generated by scripts/make_sample_data.py. NOT real sovereign ratings. Do not use for empirical conclusions.,1.1801429536963637,0.5016394791677937,1.6240746065334732,1.306321411091962,1.0105081040633657,1.6584791730006008
DEU,Germany,2018,5.302975971782863,-2.676069086206157,73.73734014772383,47.19742155683565,9.993124152940162,5.478509482672722,39.81678227949639,21737.119124921315,4.806323377731611,-3.89690949294878,8.0,synthetic_demo_only,SYNTHETIC DEMO DATA — generated by scripts/make_sample_data.py. NOT real sovereign ratings. Do not use for empirical conclusions.,1.6926673711534217,0.6632351560283942,1.4307369329867183,1.242409596876805,1.2652581971552719,1.666608516998604
DEU,Germany,2019,5.350332566625788,4.195125140912924,67.52834455207466,50.2033026653361,9.073487187421492,6.7763367481585925,56.799297655176034,20523.940482092927,5.209667234616804,2.6636124534082626,9.63560301416803,synthetic_demo_only,SYNTHETIC DEMO DATA — generated by scripts/make_sample_data.py. NOT real sovereign ratings. Do not use for empirical conclusions.,1.046956233622612,1.0946328004473953,1.3071291491492703,1.7616078873740646,1.4083917820825753,1.4092378330607196
DEU,Germany,2020,4.902457427866712,3.9131330096913475,64.16269747854727,47.621305087523666,7.297347022969512,6.163521957697943,51.661040767909846,20358.930225001397,5.166200051285834,-2.2370734759856723,8.371206952063643,synthetic_demo_only,SYNTHETIC DEMO DATA — generated by scripts/make_sample_data.py. NOT real sovereign ratings. Do not use for empirical conclusions.,1.564101247939413,0.8343201714385168,1.6694937480976257,1.1015319191214301,0.6246405922433003,1.4693434375751377
DEU,Germany,2021,5.85306827388791,4.609206079599586,70.45960362213317,55.52289523097826,6.89992292937722,8.474454089007914,43.42307794633811,20044.65185040958,4.710674120465081,-3.0385472757197105,9.268604092907273,synthetic_demo_only,SYNTHETIC DEMO DATA — generated by scripts/make_sample_data.py. NOT real sovereign ratings. Do not use for empirical conclusions.,0.9824184213928693,0.6711109998035076,1.3338516497176567,1.5067495971353462,1.788434306120103,1.0891359430209682
DEU,Germany,2022,5.46905526674292,5.887566929722885,65.531435267248,60.64164236798483,7.967954412184428,12.588145238651148,44.49730458888452,20951.36926706829,4.176767066918078,2.011999904222408,10.43344692646348,synthetic_demo_only,SYNTHETIC DEMO DATA — generated by scripts/make_sample_data.py. NOT real sovereign ratings. Do not use for empirical conclusions.,1.1976724094733058,1.2266336817007886,1.5488330385081,1.0586187162567244,1.178043362576433,0.6359381235091448
DEU,Germany,2023,3.42003336011571,-1.9706638609205331,78.34618759103554,39.65214239268987,10.205615913588762,0.4413293385648367,52.56246121508258,21422.83802827648,4.033961567293255,4.945119591665055,13.410786833976003,synthetic_demo_only,SYNTHETIC DEMO DATA — generated by scripts/make_sample_data.py. NOT real sovereign ratings. Do not use for empirical conclusions.,0.9384356050436543,0.8187735184786398,1.2601211132027461,1.3157497445824164,1.2208351956793846,1.2114366937189618
ESP,Spain,2000,2.120062423483506,4.227024165779528,102.55325655505112,67.72492297190065,7.203708156719895,4.191330342558992,44.09433071031044,8659.214489743275,1.0390627752067623,2.7829082004947923,12.786671821983596,synthetic_demo_only,SYNTHETIC DEMO DATA — generated by scripts/make_sample_data.py. NOT real sovereign ratings. Do not use for empirical conclusions.,,0.9947948815479488,0.45761453401588426,0.34358461543869834,0.3329764976562065,1.018048527636811
ESP,Spain,2001,0.792939146926948,8.248517952451612,87.71471859962277,80.94970200238211,8.259708217500442,-0.05404353856085775,44.08120575619332,10008.748774890295,1.0502045877342359,1.799086599207865,50.48287403016179,synthetic_demo_only,SYNTHETIC DEMO DATA — generated by scripts/make_sample_data.py. NOT real sovereign ratings. Do not use for empirical conclusions.,0.5673659479608791,0.16418786548337821,1.0505217458044218,1.040657263298093,0.5750394465093941,
ESP,Spain,2002,2.071072771470585,2.4804011079730217,83.2584397887186,79.1865591494107,5.969332589843994,7.279034149123733,41.95042522658038,10393.898456129644,1.063512231225697,2.9174610147293367,39.39993641271693,synthetic_demo_only,SYNTHETIC DEMO DATA — generated by scripts/make_sample_data.py. NOT real sovereign ratings. Do not use for empirical conclusions.,0.7106508790872791,0.14675355138377943,1.0770939017492556,0.13552369424780386,1.478976563845725,0.8277717969207283
ESP,Spain,2003,4.170002055012179,8.226145378817476,86.5952656761435,63.98360594430055,5.291951678971293,2.6483949818424266,34.65446607524515,9862.296697747015,0.9860072667528749,-0.4321281730675939,87.43861592883985,synthetic_demo_only,SYNTHETIC DEMO DATA — generated by scripts/make_sample_data.py. NOT real sovereign ratings. Do not use for empirical conclusions.,0.4220097717852371,0.6042045663651522,0.7942068402393027,0.6960597971198985,0.8612352622410608,0.6087183679938477
ESP,Spain,2004,1.772012594407396,2.631811013381897,85.64408349172207,66.05473099253493,6.85126500882824,1.5625771377974236,41.896305497608104,10293.614079823663,0.9962371954745601,-3.731081078184025,32.97945668100655,synthetic_demo_only,SYNTHETIC DEMO DATA — generated by scripts/make_sample_data.py. NOT real sovereign ratings. Do not use for empirical conclusions.,0.7585595004026381,0.5321597864954486,1.0353855488737855,0.10748822908550426,1.0337219371958706,0.25096127339069385
ESP,Spain,2005,5.102492879231155,2.037402122517929,97.62952776983677,59.71473514857682,,2.9825086279323862,47.52887384341065,6719.928839107221,1.0325586593501026,5.222354555330961,20.03345446151858,synthetic_demo_only,SYNTHETIC DEMO DATA — generated by scripts/make_sample_data.py. NOT real sovereign ratings. Do not use for empirical conclusions.,0.43120454869268143,-0.0692363322353659,0.5573060079644667,0.5124642744983237,0.15360754183818404,0.5697065001454609
ESP,Spain,2006,2.6136585078210137,4.004282863206919,89.01914928239871,82.69208160885688,5.241132942121648,-1.5482282872670585,41.550880745426646,10033.239174922044,1.0177458365636203,0.5503558457750033,45.1281307623754,synthetic_demo_only,SYNTHETIC DEMO DATA — generated by scripts/make_sample_data.py. NOT real sovereign ratings. Do not use for empirical conclusions.,0.5176980793672725,0.530132256078296,1.207448471828354,1.0590233120959311,0.6509835113757356,0.665848102227554
ESP,Spain,2007,2.0154432109492433,2.1863675977618904,88.23212256494524,66.3481783180113,6.805300068833272,3.6913917459555643,43.53402365487531,9030.03746967572,1.1451241280465398,4.699518938869673,28.314099280503527,synthetic_demo_only,SYNTHETIC DEMO DATA — generated by scripts/make_sample_data.py. NOT real sovereign ratings. Do not use for empirical conclusions.,0.4403216480342852,0.11833099608442332,1.2028361935590293,0.8990912387156156,0.4214185941991731,1.4926750172053627
ESP,Spain,2008,1.0591318827182925,4.713126254900396,93.98542566018557,74.62825196769148,5.414033412353911,2.0677048099395647,32.98112682224307,8943.47779349617,1.150960961284337,-4.0598294956593595,48.58911361747174,synthetic_demo_only,SYNTHETIC DEMO DATA — generated by scripts/make_sample_data.py. NOT real sovereign ratings. Do not use for empirical conclusions.,0.24506608987981865,0.40857313639393844,0.26269762120360196,-0.2548574126817006,0.9512050379624861,0.8369471942360396
ESP,Spain,2009,3.047791602379276,4.854534127368147,83.59796342117653,79.40507831315664,4.481595097353866,5.460866730634578,24.605223352525737,10879.38040108025,1.1661105468504533,0.41931320516443515,34.242237992069136,synthetic_demo_only,SYNTHETIC DEMO DATA — generated by scripts/make_sample_data.py. NOT real sovereign ratings. Do not use for empirical conclusions.,0.1985609791793354,0.5539785502120926,1.063088951273614,0.9969263790650562,1.3450569707561706,0.7665635833015875
ESP,Spain,2010,3.497755782025395,1.2962080649688943,96.02286303897543,95.48758165590246,4.046429393392632,6.07409424058797,30.43970488683786,7677.469001153685,1.1032767031465125,1.0041069845682005,39.69962156711505,synthetic_demo_only,SYNTHETIC DEMO DATA — generated by scripts/make_sample_data.py. NOT real sovereign ratings. Do not use for empirical conclusions.,0.42005317268083003,0.1835373136628078,0.4905704979001748,0.6830397511248649,0.879534829520981,0.8067715181546955
ESP,Spain,2011,2.2599398716702797,,108.64283350356706,87.18075506513004,5.063631244892546,-2.0712794252044997,,5935.887148555425,1.2699424837415827,-0.5569694121137714,117.58334010059087,synthetic_demo_only,SYNTHETIC DEMO DATA — generated by scripts/make_sample_data.py. NOT real sovereign ratings. Do not use for empirical conclusions.,0.687896786674424,0.05761283986948862,0.6820038861426174,0.7916808932099269,0.35082251668413333,0.21450969100132453
ESP,Spain,2012,1.7724783672112399,7.031149614869435,97.62940736621499,76.03308074720171,6.075744266087828,-2.6000852336525897,39.646629753733386,7344.717722303018,1.1977065189157323,-3.591202057101965,73.70030302949351,synthetic_demo_only,SYNTHETIC DEMO DATA — generated by scripts/make_sample_data.py. NOT real sovereign ratings. Do not use for empirical conclusions.,0.4416597385001717,0.6425763994619345,0.693322165420264,0.3648291145308657,0.3076412587602315,0.8246218343369593
ESP,Spain,2013,2.249245565074061,7.0519449610805705,92.83479855441726,56.8012153122409,4.801356690548093,5.886756563057071,24.59095367482973,8878.51727834109,1.1982507107728162,-0.08449883928338749,37.29829807648419,synthetic_demo_only,SYNTHETIC DEMO DATA — generated by scripts/make_sample_data.py. NOT real sovereign ratings. Do not use for empirical conclusions.,0.5522685177472446,0.5582553970025996,0.9014874208928373,1.4018398005148343,1.1240171711652802,0.47657388880648177
ESP,Spain,2014,2.525733569470897,4.6184489012847,63.98105185383175,72.60626112825769,,2.5490345124469433,34.6372958753008,8992.246954954935,1.1994526617363301,-6.1042185303043315,50.257008848032335,synthetic_demo_only,SYNTHETIC DEMO DATA — generated by scripts/make_sample_data.py. NOT real sovereign ratings. Do not use for empirical conclusions.,1.0992643340885788,0.3676824721062059,0.5657704844101756,0.8911288062615605,0.9298750371431277,0.7988704161473722
ESP,Spain,2015,2.3450186534084647,2.251339822098017,88.05273741262194,73.6620320921576,7.477319087128001,1.1597609916271754,33.4908043189331,11794.718368037758,1.0195347624758806,2.276085710938455,39.52168510078383,synthetic_demo_only,SYNTHETIC DEMO DATA — generated by scripts/make_sample_data.py. NOT real sovereign ratings. Do not use for empirical conclusions.,0.8256664721344348,0.8167367888830375,0.8142966334652747,0.9593940957700691,0.6206088781196782,0.6924639533749495
ESP,Spain,2016,5.228021521175358,5.553017375348884,92.34475311777065,73.52943099745089,6.550810211214866,1.4121313624957783,36.64202161047386,8481.91771331932,1.006096585542706,-0.6544393848171008,32.28626706692041,synthetic_demo_only,SYNTHETIC DEMO DATA — generated by scripts/make_sample_data.py. NOT real sovereign ratings. Do not use for empirical conclusions.,0.7542603868686586,0.5661416557986098,0.7227648991705437,0.970861017332611,1.14585889023577,0.6980553584899449
ESP,Spain,2017,2.984501370814212,3.223419385765953,89.7447668006667,58.27132294698055,4.714242369506522,-0.7629379419525502,29.152709600404094,7175.528761994142,1.0468828118332802,1.707675814663344,22.211084055220898,synthetic_demo_only,SYNTHETIC DEMO DATA — generated by scripts/make_sample_data.py. NOT real sovereign ratings. Do not use for empirical conclusions.,0.7492252379253165,0.4262179897107811,0.24297208772177004,0.6039192080475614,0.032841500394685474,1.312700721579207
ESP,Spain,2018,2.8091166232083995,7.729919517370761,91.63094816878444,86.316086635591,6.4494359541810615,-0.3682552769793723,39.673937660290726,6595.627258120255,1.0026562457677883,1.6730604605102184,43.30985037447666,synthetic_demo_only,SYNTHETIC DEMO DATA — generated by scripts/make_sample_data.py. NOT real sovereign ratings. Do not use for empirical conclusions.,0.8992917824747613,0.5766275933788232,0.7856458208480226,0.33883673801985176,0.6849823078015982,0.5619559396705985
ESP,Spain,2019,3.291756946206272,7.159984810651739,113.54971596487093,82.21142817967691,4.996093089018123,0.0747390497250624,46.076157816129204,7861.258733965458,0.9612123962788353,-5.275563735063461,79.05441434790296,synthetic_demo_only,SYNTHETIC DEMO DATA — generated by scripts/make_sample_data.py. NOT real sovereign ratings. Do not use for empirical conclusions.,0.6517399202314921,0.7557587851721275,1.3363750505124636,0.939575769414116,1.4606361499550973,0.769311998515075
ESP,Spain,2020,3.8091712899378907,6.834456625574341,92.3708700632885,72.91414207939468,4.942207098544385,4.590585835606978,45.33874808198814,9536.86334568797,1.043879775329188,0.8401103623900569,42.58661180184183,synthetic_demo_only,SYNTHETIC DEMO DATA — generated by scripts/make_sample_data.py. NOT real sovereign ratings. Do not use for empirical conclusions.,0.18272119598479647,-0.008993273744617336,1.309857906332478,0.49220135272376264,0.7312821648796661,0.21642463171413967
ESP,Spain,2021,2.822442975714226,5.833601333101706,95.32981257508494,60.02739907687781,5.854779410666277,4.510355441379674,41.2113311530284,8609.770953695666,1.0510459149694718,-0.4437736253557807,83.63964621528095,synthetic_demo_only,SYNTHETIC DEMO DATA — generated by scripts/make_sample_data.py. NOT real sovereign ratings. Do not use for empirical conclusions.,0.5664989390467763,0.636606263073663,0.7815297429088264,0.4248661260531084,0.5409768512835023,0.7969596999548011
ESP,Spain,2022,3.062962498226091,7.962881389387177,98.48084688586833,54.85102219365431,5.422042715875498,-3.3976181646004195,44.800575167544636,9602.124623985364,1.0403096999235608,-2.1789836709575594,23.177118052080125,synthetic_demo_only,SYNTHETIC DEMO DATA — generated by scripts/make_sample_data.py. NOT real sovereign ratings. Do not use for empirical conclusions.,0.17947768478925685,0.6086292281165299,1.4674817666243083,1.0571221065022567,0.9946159670676628,0.9953907160701869
ESP,Spain,2023,2.181585659147628,7.471933099647258,88.45730834529081,60.81672906207349,6.203831208508368,1.5480831999684064,40.5965712226113,11535.099298875275,1.1869583238060541,2.7796816757868013,56.989794362768976,synthetic_demo_only,SYNTHETIC DEMO DATA — generated by scripts/make_sample_data.py. NOT real sovereign ratings. Do not use for empirical conclusions.,0.46796775325656564,0.07558029865548888,0.7406607576323363,0.6055410295343646,1.3528998060753699,0.7240931580229891
FRA,France,2000,7.754695990874048,4.420555885344349,82.38451676869576,54.77927800304622,5.877553819127817,8.268333987102336,37.797714892268374,14683.108780448494,4.570219879494692,1.932736716043589,12.491809186380278,synthetic_demo_only,SYNTHETIC DEMO DATA — generated by scripts/make_sample_data.py. NOT real sovereign ratings. Do not use for empirical conclusions.,1.0567325634505065,1.030018660180989,,2.0801927165769554,,0.9680357116699864
FRA,France,2001,3.146382847931799,-0.2909665220739859,78.15721520641286,32.88878343371669,9.390326523644646,6.555667662191613,,14650.65850987956,3.9691667530652737,1.6644981709304947,10.71324884899772,synthetic_demo_only,SYNTHETIC DEMO DATA — generated by scripts/make_sample_data.py. NOT real sovereign ratings. Do not use for empirical conclusions.,,,,1.071589833489438,1.339523384756269,1.059840355160642
FRA,France,2002,3.8882497562522618,-1.7591238906613338,68.66705976118993,58.726108555996426,7.086523693709426,0.9917868185173777,40.09314105176853,16701.980598944345,4.110538793795756,-5.3644098143626735,19.26520997155687,synthetic_demo_only,SYNTHETIC DEMO DATA — generated by scripts/make_sample_data.py. NOT real sovereign ratings. Do not use for empirical conclusions.,1.127870002352259,0.50415251435368,1.2145254913663597,1.0752454509313127,0.6730094389917862,1.1662152798297145
FRA,France,2003,6.211232867560606,6.293478101912747,72.30955675643797,57.55447024167233,7.888471960838298,4.198703606616452,41.372646475110166,20212.787341998024,4.476507752975655,-5.088383195230931,17.91489852413806,synthetic_demo_only,SYNTHETIC DEMO DATA — generated by scripts/make_sample_data.py. NOT real sovereign ratings. Do not use for empirical conclusions.,1.0759900559204767,0.8710027825658008,1.3913313440262067,0.7016987295049076,0.8227469896906032,0.984076751508543
FRA,France,2004,3.3544763681024747,,66.98715355075954,65.0744647434927,6.405384922195344,5.15830524392653,35.51255835498614,17335.57939727625,4.820013173734549,-1.889929057093661,15.070988437852444,synthetic_demo_only,SYNTHETIC DEMO DATA — generated by scripts/make_sample_data.py. NOT real sovereign ratings. Do not use for empirical conclusions.,0.5328564557242896,1.1305729532873514,1.0191599722565905,1.137481778355879,1.1664206828282246,1.5199885748592872
FRA,France,2005,4.748383229005973,2.9371950522661607,82.3236812370798,63.117195537824685,7.97765437480116,5.2096166372242525,,17543.04096390279,4.677157260919904,-1.0721814327126018,20.09368538708148,synthetic_demo_only,SYNTHETIC DEMO DATA — generated by scripts/make_sample_data.py. NOT real sovereign ratings. Do not use for empirical conclusions.,1.032604406829999,0.7963206507756699,1.0458924946099137,1.5100588958211494,1.086569682579456,1.4861158815138507
FRA,France,2006,5.604292354735845,2.982675342152232,65.63554181798912,53.88009501255888,8.365419165091556,2.9665850519308368,42.201779163276726,16596.375713711164,4.635601905288259,-0.7285456405852073,12.795437771231644,synthetic_demo_only,SYNTHETIC DEMO DATA — generated by scripts/make_sample_data.py. NOT real sovereign ratings. Do not use for empirical conclusions.,0.9531280152179065,0.68908195241285,0.9683821333426454,1.4093103517679053,1.7357470083470181,1.0310878869039513
FRA,France,2007,4.992604492711535,2.5468697136561556,79.08825382006086,76.3816051754376,5.973979096872412,4.487792195632028,38.308013998029494,17409.57218581133,4.649600766878679,-2.301680007671747,8.885946290141169,synthetic_demo_only,SYNTHETIC DEMO DATA — generated by scripts/make_sample_data.py. NOT real sovereign ratings. Do not use for empirical conclusions.,0.979918410820507,0.7570303590475181,0.8386817029998775,0.8388347136521654,0.4892307933792861,0.412713568868992
FRA,France,2008,3.5778797748181908,1.7016574530208852,74.96014685308258,81.38405444203708,7.767569743198471,5.953284973986961,45.218356717297816,11944.95336632593,4.113475934967623,1.7876603919923726,10.293728528156127,synthetic_demo_only,SYNTHETIC DEMO DATA — generated by scripts/make_sample_data.py. NOT real sovereign ratings. Do not use for empirical conclusions.,0.8830671526299092,0.7236981237669492,1.0179812523455682,0.8859881095833628,0.9306812403167549,1.2451017514388065
FRA,France,2009,-0.40836777668145086,0.9708683519316148,68.08671882271653,71.90862889175743,7.683722097843755,5.525564289791495,38.13721681935538,15668.482416134097,4.304585627497576,0.09932527486549048,9.944810070543632,synthetic_demo_only,SYNTHETIC DEMO DATA — generated by scripts/make_sample_data.py. NOT real sovereign ratings. Do not use for empirical conclusions.,0.9802572686271963,0.9451967213622063,1.2251912510320544,1.2152963335440434,1.0419270689355709,0.7358783452220461
FRA,France,2010,3.438459782580669,3.936828745961718,84.9681278506836,66.85254332154899,6.057190367933578,-1.5256944159696126,47.61869781466328,12934.687455583045,4.402974834041732,-2.2532489504930084,19.297752201711,synthetic_demo_only,SYNTHETIC DEMO DATA — generated by scripts/make_sample_data.py. NOT real sovereign ratings. Do not use for empirical conclusions.,0.7579941031800129,0.3973042673803048,0.8010918014031501,1.3485692621653997,0.32833843701110743,1.146304695120973
FRA,France,2011,3.9329247231265843,2.1486067978935908,87.0823520010548,64.23716183058859,9.25527983224525,5.734259454940469,53.047329266621624,16898.946216715474,4.82296518412184,2.408084661310318,8.064828488177065,synthetic_demo_only,SYNTHETIC DEMO DATA — generated by scripts/make_sample_data.py. NOT real sovereign ratings. Do not use for empirical conclusions.,0.84265153341191,0.7780599535548347,1.347193181298088,1.4127598182142822,0.9201025077850888,1.2222980248925897
FRA,France,2012,4.499581947638822,1.584144015339933,,59.61455651235092,6.893475065689214,6.732636096008987,44.84923829045904,16310.366053385802,4.81512309207272,3.4842114722834143,14.66081068853545,synthetic_demo_only,SYNTHETIC DEMO DATA — generated by scripts/make_sample_data.py. NOT real sovereign ratings. Do not use for empirical conclusions.,1.1748651221038384,0.764644400568783,1.2471911915224465,0.8220633546160374,1.2242881161619916,1.4071969717723003
FRA,France,2013,6.593161675810463,0.525456719263055,83.21666676921816,64.2996217337641,6.990033888472071,5.793368717424656,45.7503186124639,14098.648389384482,5.4715238990414905,-0.5462282987566702,31.79357875647287,synthetic_demo_only,SYNTHETIC DEMO DATA — generated by scripts/make_sample_data.py. NOT real sovereign ratings. Do not use for empirical conclusions.,0.7464986810942047,0.8146251308005886,1.0473031931829375,1.6393194984474826,1.0392397580726895,1.3091359575494048
FRA,France,2014,4.779993687560943,0.5370412150805328,78.37555685518494,55.44366391787267,6.398253111274483,4.605113119882891,44.52996102413861,15721.651750917159,5.640994420720024,-0.513328111628255,21.28772724600199,synthetic_demo_only,SYNTHETIC DEMO DATA — generated by scripts/make_sample_data.py. NOT real sovereign ratings. Do not use for empirical conclusions.,1.0487237707956067,0.3034312442288856,1.023073740517952,1.1096256824623136,1.3379018546851866,0.8181630758531051
FRA,France,2015,3.9853476536809866,,75.12612285879511,67.09415615238676,9.545663448559738,6.252493992717536,44.53791987618172,12304.859280890692,5.37679492359591,-9.08093372430539,18.350308661559833,synthetic_demo_only,SYNTHETIC DEMO DATA — generated by scripts/make_sample_data.py. NOT real sovereign ratings. Do not use for empirical conclusions.,0.29131446362697455,0.5482050940446268,0.7703314924566779,1.202800151345769,1.3126790476489076,1.4861501048472538
FRA,France,2016,4.467486961651266,1.9777200028096897,71.37459441959881,57.188641768818336,7.166744499900998,3.9843620496175443,44.01850537464643,15828.013136777905,5.173256112875116,6.208374821962657,14.155136169693531,synthetic_demo_only,SYNTHETIC DEMO DATA — generated by scripts/make_sample_data.py. NOT real sovereign ratings. Do not use for empirical conclusions.,1.3640696224782811,0.9982257190645101,1.5608521882704212,1.890184703259969,1.0968225034396797,1.3271461372441185
FRA,France,2017,1.6349463869932084,1.4537150341113247,,63.3613593876658,4.518802975452621,-2.362589690044675,37.867378238055124,16815.934202363205,5.37121677509232,-0.3756322242084853,14.014978448501838,synthetic_demo_only,SYNTHETIC DEMO DATA — generated by scripts/make_sample_data.py. NOT real sovereign ratings. Do not use for empirical conclusions.,1.2216430110055665,0.9209265594892674,1.410376374141263,1.2053779833585208,1.1528641100698567,0.6708446165617349
FRA,France,2018,2.653155724161024,6.470902500103,,52.521852050430205,7.28494667847063,5.729231188868377,41.77159259820944,14592.015699586167,5.385276152574273,2.7200078370770635,17.103579602167823,synthetic_demo_only,SYNTHETIC DEMO DATA — generated by scripts/make_sample_data.py. NOT real sovereign ratings. Do not use for empirical conclusions.,0.47945602554453476,0.25281921228196425,1.0445026877103705,1.011361277364129,0.8430260303152175,1.1960496881832618
FRA,France,2019,2.061406376008809,3.716419190325782,84.82609685774584,66.20908588949203,,5.602430799156577,36.37141031758321,9770.059932269805,5.0820776631004945,-1.249485459356602,18.790084928873785,synthetic_demo_only,SYNTHETIC DEMO DATA — generated by scripts/make_sample_data.py. NOT real sovereign ratings. Do not use for empirical conclusions.,0.7020174541116525,0.9816285423411624,1.205178318202829,0.7350204572879125,1.1381279777902011,0.8699147899547787
FRA,France,2020,2.9981849857044236,5.7064818469562,,69.17678004839041,6.111272519936595,1.4644193853458949,46.897815254242346,16477.595870156696,5.491277536433329,-5.708271464083173,18.774939507982758,synthetic_demo_only,SYNTHETIC DEMO DATA — generated by scripts/make_sample_data.py. NOT real sovereign ratings. Do not use for empirical conclusions.,1.6037861272083203,0.5780300280391524,1.0242035692510156,0.8074715595802765,0.9682039250279509,1.0087339849223038
FRA,France,2021,2.3878818662405985,6.141418830323806,73.80132944359028,66.20890203042111,6.955085937820116,3.716982547912529,53.80728431225974,11189.79513926049,5.657168179421467,-5.155151930311596,47.04803108760164,synthetic_demo_only,SYNTHETIC DEMO DATA — generated by scripts/make_sample_data.py. NOT real sovereign ratings. Do not use for empirical conclusions.,0.6227554384009971,0.6227685297682104,0.7093877211541759,1.2761761776330147,0.6759419924865967,0.8709567258560329
FRA,France,2022,2.9362193702599133,3.113874127611898,77.07296588593942,85.84190732414405,5.988909725873659,2.8455162494820962,,9326.251622795582,5.540203909571512,0.9249735273278099,28.55351313452718,synthetic_demo_only,SYNTHETIC DEMO DATA — generated by scripts/make_sample_data.py. NOT real sovereign ratings. Do not use for empirical conclusions.,0.6755609552946449,1.2876846097344923,1.1577766036055939,0.9393491696073887,0.7973553300150631,0.7709371931461018
FRA,France,2023,0.553564184353267,2.373747943440234,,69.35376211263224,5.293077911886629,0.47948994841771597,55.920472180311705,16290.416206277776,5.535387476619207,-2.6963594684913996,14.782978165669938,synthetic_demo_only,SYNTHETIC DEMO DATA — generated by scripts/make_sample_data.py. NOT real sovereign ratings. Do not use for empirical conclusions.,0.9292452776203823,0.657295182938033,1.1587731030723245,1.0004265246592634,0.3729255852143507,0.8281901086869381
GBR,United Kingdom,2000,3.450868024079405,1.6575098619539501,64.91671614910524,67.81087632798571,6.29191573228982,7.438508578105148,,17989.81865437434,37.795272765231076,-0.9259240486057609,10.100417015847848,synthetic_demo_only,SYNTHETIC DEMO DATA — generated by scripts/make_sample_data.py. NOT real sovereign ratings. Do not use for empirical conclusions.,0.5531867992958167,0.9008464915652848,,,,1.0901068413107349
GBR,United Kingdom,2001,5.939014269548965,4.030542183328569,68.28195015638565,41.319728174030054,9.419274930270618,2.4950879219266007,49.12573821223094,15047.435730077976,37.06957889672616,4.306810546511845,13.629875400047707,synthetic_demo_only,SYNTHETIC DEMO DATA — generated by scripts/make_sample_data.py. NOT real sovereign ratings. Do not use for empirical conclusions.,1.3790596430263264,0.895793472911387,1.5330414803265424,1.3057619151861575,1.2481964385577722,
GBR,United Kingdom,2002,6.710367229784162,2.116716041533638,64.84022834332735,49.94819557043635,7.287841501937663,4.22119710496585,35.536471606606185,21706.223188625325,40.946894835445505,-0.38549163951227894,8.0,synthetic_demo_only,SYNTHETIC DEMO DATA — generated by scripts/make_sample_data.py. NOT real sovereign ratings. Do not use for empirical conclusions.,1.5393084298169328,1.0226510098089565,1.712049601280274,1.6052366506757474,1.3879315075367986,1.3429088888858474
GBR,United Kingdom,2003,3.6539927663890643,3.921807103158189,55.49860357628549,58.68273585577237,7.141458225607295,6.933749150989392,41.63287966032535,16597.00141256418,44.14923613824079,-0.06833738096966402,10.323351017262564,synthetic_demo_only,SYNTHETIC DEMO DATA — generated by scripts/make_sample_data.py. NOT real sovereign ratings. Do not use for empirical conclusions.,1.0851306905731712,0.8794675428423162,1.0659101496275283,1.2475355695418966,1.0980842732830394,0.7738370961184456
GBR,United Kingdom,2004,4.094009817851685,2.980229733256298,68.23896244228736,55.77295321397531,6.136236787561916,4.922432390936584,45.285282660884256,30122.705707770638,44.7192654467884,-4.9071679218211335,10.63840698798033,synthetic_demo_only,SYNTHETIC DEMO DATA — generated by scripts/make_sample_data.py. NOT real sovereign ratings. Do not use for empirical conclusions.,1.3232212070245477,0.968974084356815,1.1655347578315833,0.8562215041144137,1.3550667498860745,1.1468404656785662
GBR,United Kingdom,2005,5.3315876539530676,4.075335985553483,63.813844271388525,79.73141869483328,8.439731644613529,4.216671081178079,65.70959991487913,19842.437391996165,47.61952732160392,1.8940359954725148,8.0,synthetic_demo_only,SYNTHETIC DEMO DATA — generated by scripts/make_sample_data.py. NOT real sovereign ratings. Do not use for empirical conclusions.,1.4539407338893533,1.0788007624656648,1.6208452241900762,1.479544327348496,1.5356324637410828,1.1925696353301454
GBR,United Kingdom,2006,4.5149604314153065,3.407430999838778,60.47273523263014,63.695273769145295,9.107557131234444,3.3999225497137813,49.785145887586246,18035.182084578442,47.25866260365767,-4.966221566975355,22.30286434402975,synthetic_demo_only,SYNTHETIC DEMO DATA — generated by scripts/make_sample_data.py. NOT real sovereign ratings. Do not use for empirical conclusions.,1.205131839440881,0.6987720167921786,2.0308937848130526,1.283375096287222,1.5404898076392923,0.5844589568243445
GBR,United Kingdom,2007,4.928889170828197,0.1851850424809962,67.50042564187288,58.46724307977864,5.800101021405425,3.362425285608496,49.80848434956872,19745.59268915403,42.69193659621292,-1.6356428507814695,18.069303913794705,synthetic_demo_only,SYNTHETIC DEMO DATA — generated by scripts/make_sample_data.py. NOT real sovereign ratings. Do not use for empirical conclusions.,1.5592714453810828,1.096668911992519,1.5209715236026788,0.8185901474271925,0.9278448570446292,1.4280627532970904
GBR,United Kingdom,2008,5.545481664215441,3.7708218283895367,,50.25243972941385,7.978918644255983,1.7353422754231684,41.790567462469895,14002.967405988398,38.84415822897078,-2.2029343746964107,17.34943277383261,synthetic_demo_only,SYNTHETIC DEMO DATA — generated by scripts/make_sample_data.py. NOT real sovereign ratings. Do not use for empirical conclusions.,1.25594935821118,0.4805755958383114,1.296078857053393,1.4121128380694998,1.4039465284129662,0.6569574624779272
GBR,United Kingdom,2009,5.664396469441561,0.2774342704256436,59.31581086206705,59.43142585491368,7.756730097581846,4.410797566250018,52.31063282076981,18438.501579983214,39.15854502971424,-2.359207563295337,19.116252797241074,synthetic_demo_only,SYNTHETIC DEMO DATA — generated by scripts/make_sample_data.py. NOT real sovereign ratings. Do not use for empirical conclusions.,1.2106961076460447,1.0396088145165967,1.2105693009747056,1.4164625374474373,0.7956488636037291,0.6316657242545147
GBR,United Kingdom,2010,1.8173661772103586,1.5476439930078425,60.70537173291584,50.83996702627545,6.182938068052652,6.625574715997502,47.78553005549631,15991.117017750046,39.50753309188361,-3.812579363515992,17.31569033058701,synthetic_demo_only,SYNTHETIC DEMO DATA — generated by scripts/make_sample_data.py. NOT real sovereign ratings. Do not use for empirical conclusions.,0.6412068273970838,0.7688563902968797,1.0755868626767278,0.738817876616807,1.2256885443699792,0.9899163747689722
GBR,United Kingdom,2011,4.825079413510008,6.326278100607585,78.85088821422737,54.308299581764174,8.200896677643959,7.376611600376586,53.20255914089286,18007.515417194514,36.58256241729325,5.5320915075820585,15.133410822584306,synthetic_demo_only,SYNTHETIC DEMO DATA — generated by scripts/make_sample_data.py. NOT real sovereign ratings. Do not use for empirical conclusions.,0.7148421361678716,0.7455988368747117,1.3063066458613335,1.6152974743462107,1.4799493833514998,1.2373000512183694
GBR,United Kingdom,2012,5.276647517693621,3.423415567736598,74.65471702849959,61.38281339330176,7.902855116655757,3.644070619056121,43.332789198060354,26283.441949045296,35.30989571991864,2.0098321399733896,8.0,synthetic_demo_only,SYNTHETIC DEMO DATA — generated by scripts/make_sample_data.py. NOT real sovereign ratings. Do not use for empirical conclusions.,1.1070194356772862,0.9945772931434474,1.07995862428282,1.5937756447767886,0.9498311170863667,1.083350761787567
GBR,United Kingdom,2013,3.278576513356482,6.999811621282756,80.93749565337926,63.965410431528056,8.132167118552044,-0.48152595148762556,49.85415012627535,15580.940075408495,31.064549242577844,-1.5831978983498458,17.03587059722059,synthetic_demo_only,SYNTHETIC DEMO DATA — generated by scripts/make_sample_data.py. NOT real sovereign ratings. Do not use for empirical conclusions.,1.1145766050238775,0.4215485988362002,1.5826247692669866,1.078478712511999,0.7404094196323245,0.8028231313948172
GBR,United Kingdom,2014,6.053969948479424,7.049873953107129,78.00123094086122,72.78671756128722,6.588740883961801,3.492209422136352,44.060638686919624,15911.376719098078,29.66032328620158,-3.9381358659527113,8.0,synthetic_demo_only,SYNTHETIC DEMO DATA — generated by scripts/make_sample_data.py. NOT real sovereign ratings. Do not use for empirical conclusions.,1.6624786296928635,0.8473836640006743,1.3115674158034918,1.4284593538309367,1.5281873159817432,1.233069234830496
GBR,United Kingdom,2015,5.697460649097863,5.25611749549987,76.02592820323382,54.21858090947625,5.137558074774065,5.128199299552513,53.92285414075581,13782.20165289968,26.47694740791877,-4.856010960942598,11.010880716120107,synthetic_demo_only,SYNTHETIC DEMO DATA — generated by scripts/make_sample_data.py. NOT real sovereign ratings. Do not use for empirical conclusions.,0.7420688573863864,0.8804302004552504,0.8650728162530212,0.5295905235623085,1.1189288814592417,1.0830017049449345
GBR,United Kingdom,2016,7.040537919793245,2.07611010961459,70.89958264852166,67.70095662530082,,2.598128114207415,39.63419204453883,20362.44013889432,26.671185921792954,-0.21556430812058247,8.0,synthetic_demo_only,SYNTHETIC DEMO DATA — generated by scripts/make_sample_data.py. NOT real sovereign ratings. Do not use for empirical conclusions.,1.0768857559958154,1.3888973900891592,1.7284476578205226,0.9966097993912812,1.7395886684089326,1.5773894228267242
GBR,United Kingdom,2017,5.306633527229278,3.0004627947767153,72.44335770925862,57.81709661308875,7.126063323930822,3.265453082443715,43.29786299121678,20291.351349778506,27.575458778223155,-1.8022391202467039,14.15768658631188,synthetic_demo_only,SYNTHETIC DEMO DATA — generated by scripts/make_sample_data.py. NOT real sovereign ratings. Do not use for empirical conclusions.,0.9566837761817413,0.7310647958639535,0.8587843114898326,1.4423297334092655,0.8920503309733148,1.1961076105002895
GBR,United Kingdom,2018,4.616868284555914,5.522786016126227,67.68374665695498,46.11844716874896,7.387766693471416,1.3625322497964647,61.17021520280428,18075.8350863944,25.76811476922076,3.876356864829866,9.426752059591694,synthetic_demo_only,SYNTHETIC DEMO DATA — generated by scripts/make_sample_data.py. NOT real sovereign ratings. Do not use for empirical conclusions.,1.3832013721060634,0.78820978471022,0.6723218605561543,1.8336625314121622,1.2998925662454741,1.517344817038751
GBR,United Kingdom,2019,3.5018211438375846,6.54148461798871,80.76044711830077,51.29415139621892,6.107654496579617,7.216947149901618,46.82845859404368,19287.50459331799,23.382287786102143,1.317140785024646,8.0,synthetic_demo_only,SYNTHETIC DEMO DATA — generated by scripts/make_sample_data.py. NOT real sovereign ratings. Do not use for empirical conclusions.,1.188484904366593,0.7817034880538039,1.4115338455500654,1.1487008520451867,1.1096175675770965,0.9384110492999399
GBR,United Kingdom,2020,5.557082980456572,1.7925766412137958,65.06389255373418,39.84598142979568,9.252158928569253,-0.8545134325124053,53.09803803734838,19584.686384549015,23.401903039056606,-1.239462444223808,8.944262436718065,synthetic_demo_only,SYNTHETIC DEMO DATA — generated by scripts/make_sample_data.py. NOT real sovereign ratings. Do not use for empirical conclusions.,1.1497728854622455,0.8233325186918979,0.8781994488106721,0.9624355342945119,1.3422743855133443,0.78485908625006
GBR,United Kingdom,2021,7.0286246942998565,,77.98182353634095,62.852523471780955,,3.061838809712774,43.49100861823451,16425.91234898196,22.07197540681906,-1.8266376116800855,31.328725685910506,synthetic_demo_only,SYNTHETIC DEMO DATA — generated by scripts/make_sample_data.py. NOT real sovereign ratings. Do not use for empirical conclusions.,1.3362871302360362,0.8666909882936712,1.0166176404234082,0.813651410704942,0.915830268045965,1.0995737004780537
GBR,United Kingdom,2022,5.560540626474944,9.497697127364418,70.29993063418245,64.27262669653692,8.250789372454962,3.860948019002223,55.961081373709845,16715.145620743013,22.412714716882945,5.2838839358891265,8.6928442055192,synthetic_demo_only,SYNTHETIC DEMO DATA — generated by scripts/make_sample_data.py. NOT real sovereign ratings. Do not use for empirical conclusions.,1.1974194380797234,1.1883298247477359,1.0671475900500864,1.2836259995337285,0.8777400652452135,1.649080331071455
GBR,United Kingdom,2023,4.391003250265513,1.5831616894988185,80.29536065481886,63.38322805798342,6.18773176424557,0.9532613221705968,47.97622298030684,13958.667964796836,21.99173203421496,-2.661927508072755,18.626921098140553,synthetic_demo_only,SYNTHETIC DEMO DATA — generated by scripts/make_sample_data.py. NOT real sovereign ratings. Do not use for empirical conclusions.,0.5420864577670705,0.7843592967324202,0.9855985751239075,1.1657088049998126,1.0921192615795885,0.6585695893768323
IDN,Indonesia,2000,2.1446270075234866,8.270327416659855,109.06542258402042,76.9331043611554,4.802786246624393,-2.413014208695386,30.87940281577277,6072.42279490848,10.99892711168343,-1.1256641272474686,114.1738012097046,synthetic_demo_only,SYNTHETIC DEMO DATA — generated by scripts/make_sample_data.py. NOT real sovereign ratings. Do not use for empirical conclusions.,-0.30881643988561314,,0.4571349392657877,,0.12906104724718784,0.3748954145110145
IDN,Indonesia,2001,2.3622420612609414,5.587064679685296,98.40673859332213,83.78586276973066,4.138310694812653,-0.9104712469885213,22.18270393782275,5399.3999528415925,10.364738394629905,3.654356588808771,70.69842511615597,synthetic_demo_only,SYNTHETIC DEMO DATA — generated by scripts/make_sample_data.py. NOT real sovereign ratings. Do not use for empirical conclusions.,-0.2608879240270421,0.37094480904503824,,,,
IDN,Indonesia,2002,4.457048096215244,6.404911299823677,102.47598540222809,65.4499008180287,7.9572990155527386,4.456615438320562,30.09198988667346,6032.464721005669,10.063442508082085,7.628283941818281,64.99306288058942,synthetic_demo_only,SYNTHETIC DEMO DATA — generated by scripts/make_sample_data.py. NOT real sovereign ratings. Do not use for empirical conclusions.,0.11431399393748187,-0.06144712056175489,0.27136749107871366,1.0845319708882375,0.5655675623815972,-0.1934916466965032
IDN,Indonesia,2003,1.0785271287010407,3.1346132473440784,109.58146621586494,100.87392077671736,5.268667980784656,2.385720147469272,30.273280376559832,6423.730737130519,10.362215548505816,-4.839536510383397,78.0206598834368,synthetic_demo_only,SYNTHETIC DEMO DATA — generated by scripts/make_sample_data.py. NOT real sovereign ratings. Do not use for empirical conclusions.,0.412187322649783,0.2624548421371533,0.46544398803624254,0.26745981344750536,0.15721966514419045,0.14179683606456742
IDN,Indonesia,2004,1.7352515746435175,8.062863595805762,94.3719881301387,72.48291531378197,7.101042567561061,0.46719670737655206,29.127399762859866,4368.174035714357,10.184877287169687,2.902281000889589,73.14320311641022,synthetic_demo_only,SYNTHETIC DEMO DATA — generated by scripts/make_sample_data.py. NOT real sovereign ratings. Do not use for empirical conclusions.,-0.09184568775183324,0.4471882698592946,0.7866318827001348,0.1996056708725196,0.3288698005393204,0.7175864377431271
IDN,Indonesia,2005,4.455823953446092,4.928868475250902,103.70614820861913,78.19704144056996,4.006192825272485,0.7079802685333175,35.940720838897164,5318.4963466720965,9.944886347040082,0.4871626754593822,154.30125382374612,synthetic_demo_only,SYNTHETIC DEMO DATA — generated by scripts/make_sample_data.py. NOT real sovereign ratings. Do not use for empirical conclusions.,0.4197610826203358,-0.24872054301919475,0.4925650509270405,0.5958443992150033,0.45324814890684423,0.3949890641899833
IDN,Indonesia,2006,3.2870791138579962,5.166749642259651,107.65378871751273,95.40885725528844,5.113213454165258,3.5073161913538566,29.438385423352003,4285.138531450087,9.480912937909157,0.4753336509431876,101.68646983523938,synthetic_demo_only,SYNTHETIC DEMO DATA — generated by scripts/make_sample_data.py. NOT real sovereign ratings. Do not use for empirical conclusions.,0.5960943545792023,0.4243764931524734,0.19935998682573344,0.18109633418997553,0.24844836601189585,0.3591839063317687
IDN,Indonesia,2007,1.8463395366446715,11.994846057135923,106.30760605682147,87.03550747154702,2.2234166194223604,4.480170779848626,29.14169259583147,5341.581082246017,9.707942934431937,-6.431071297998064,254.11779021719076,synthetic_demo_only,SYNTHETIC DEMO DATA — generated by scripts/make_sample_data.py. NOT real sovereign ratings. Do not use for empirical conclusions.,0.02177828483711247,-0.08077435398197678,0.10737678198367356,0.5445432232101974,0.14635582231893474,-0.026396147668031
IDN,Indonesia,2008,3.6198236145281157,5.408853819433702,93.17653888941263,71.61529535787793,5.467963061105154,-1.4390742844304427,28.247808625678445,6309.808406228251,9.90088895040734,-1.46042885454853,142.1864579647158,synthetic_demo_only,SYNTHETIC DEMO DATA — generated by scripts/make_sample_data.py. NOT real sovereign ratings. Do not use for empirical conclusions.,0.5987820649295237,0.7746346346375363,0.5719352435441755,1.0319499681246684,0.01741430447506498,0.444676294745318
IDN,Indonesia,2009,0.5073482849140714,4.380650979342507,103.47049390394864,62.23091830923774,6.006577201864491,1.1423409395304338,24.628120485019814,4663.847681059134,10.936277029487568,1.088570930238041,60.74299420445372,synthetic_demo_only,SYNTHETIC DEMO DATA — generated by scripts/make_sample_data.py. NOT real sovereign ratings. Do not use for empirical conclusions.,0.4203475693776598,0.18321188775052724,0.5030624901571117,0.3405481617682418,0.5144813268128198,0.8416781317445616
IDN,Indonesia,2010,1.6381328694394657,3.5317176085387367,111.13095286659615,82.2979590193648,5.38512708107748,4.054151598499302,30.45468113591354,4650.092581042542,10.065593455684256,2.4190039183181886,166.7016423570627,synthetic_demo_only,SYNTHETIC DEMO DATA — generated by scripts/make_sample_data.py. NOT real sovereign ratings. Do not use for empirical conclusions.,0.08134676328283635,0.267017233916231,0.3200412339525276,0.3739923004918009,0.17850984713911622,0.3088315740381974
IDN,Indonesia,2011,4.606684037402338,7.574029123405214,91.62359856875942,73.33773060507554,4.7428381400632675,2.731232955774036,31.482179448702293,6873.385528771569,9.425353398078832,-0.5118948178214029,53.61220742150078,synthetic_demo_only,SYNTHETIC DEMO DATA — generated by scripts/make_sample_data.py. NOT real sovereign ratings. Do not use for empirical conclusions.,0.6208719037952679,-0.010238227656046095,0.9348050271163004,0.7853056536773542,0.04256212941432752,0.2764426248640109
IDN,Indonesia,2012,1.2149156694994905,,110.3588497630296,86.680397361662,3.6793583660722486,3.545555620261872,36.041051407170485,5604.647496293267,10.402946517457778,0.9490626349796206,96.86211662670783,synthetic_demo_only,SYNTHETIC DEMO DATA — generated by scripts/make_sample_data.py. NOT real sovereign ratings. Do not use for empirical conclusions.,0.41194903502035873,0.12770773089502344,1.2021103289529729,-0.12794089254147112,0.16956938933753507,0.45681860788051004
IDN,Indonesia,2013,0.2008848562502109,10.360464728563432,123.33639112800849,88.2481187733768,4.620001628306529,-0.21572433631361662,23.83445643866593,3009.110886255536,10.088801186536587,6.689579097220043,283.2318261704737,synthetic_demo_only,SYNTHETIC DEMO DATA — generated by scripts/make_sample_data.py. NOT real sovereign ratings. Do not use for empirical conclusions.,-0.21880010282491383,-0.37225257393426514,-0.41468725049285454,-0.005368152103667333,0.5014139987939759,0.09899358952570397
IDN,Indonesia,2014,0.7577770370694503,12.770893026387679,101.9864104084144,71.42430402619146,5.601022173763707,-0.8355879588808269,32.87957777354067,6085.069855384292,11.026834685760553,5.091369560299976,89.7799527416834,synthetic_demo_only,SYNTHETIC DEMO DATA — generated by scripts/make_sample_data.py. NOT real sovereign ratings. Do not use for empirical conclusions.,0.12611642221671693,0.28998778033523287,0.026100520289274343,0.5013727205755671,-0.3440111062509757,-0.000985798205459909
IDN,Indonesia,2015,3.618086461180606,9.074151671555622,106.30472295454217,87.57340153678608,7.377767196834548,-4.2675158590789,37.87029827808377,3676.507684200684,12.728304767958226,1.8685215138039433,57.63652497933421,synthetic_demo_only,SYNTHETIC DEMO DATA — generated by scripts/make_sample_data.py. NOT real sovereign ratings. Do not use for empirical conclusions.,0.47919869361191614,-0.43571889460546354,0.4259645956611329,0.33373924515773057,0.24876217044261545,0.14642923675726716
IDN,Indonesia,2016,0.7673089157996686,5.738343222622875,99.24336367380903,83.94706155433758,5.273880267672466,3.697382676959961,35.410225464008334,4313.750174275989,13.379739784281288,3.266343289907992,131.05535339637356,synthetic_demo_only,SYNTHETIC DEMO DATA — generated by scripts/make_sample_data.py. NOT real sovereign ratings. Do not use for empirical conclusions.,0.0495019860138079,0.44401814401867173,0.6101754604056674,0.47014644626385593,0.40446906758653944,-0.08596708849361967
IDN,Indonesia,2017,2.7088157013395326,4.114491428993082,107.40820340440142,81.30480931633385,3.023605842056652,-0.9691712111605107,29.44354311146865,6377.849171530508,13.507386769542032,3.4329790762954957,128.42550391356406,synthetic_demo_only,SYNTHETIC DEMO DATA — generated by scripts/make_sample_data.py. NOT real sovereign ratings. Do not use for empirical conclusions.,-0.15042960461594487,0.17332574496648043,0.44695634437293025,0.4659384122259247,0.3265822000907706,-0.1750930180816035
IDN,Indonesia,2018,2.6830673754162295,6.752345333957269,115.09127925736615,85.63650827646052,4.228055778491696,2.1213865753041308,26.086769372893585,6992.317461299335,13.597080077553414,-0.439135363806874,71.45391988358587,synthetic_demo_only,SYNTHETIC DEMO DATA — generated by scripts/make_sample_data.py. NOT real sovereign ratings. Do not use for empirical conclusions.,0.1641548189979103,-0.1791932964459914,0.2214770321284646,0.4717204289393113,0.3603629809504988,0.33289727032850064
IDN,Indonesia,2019,3.5724222661301694,-0.24080824044183835,91.61620608904677,79.96024028943488,3.0640285491748185,0.6655986906609233,39.2355416819106,7227.366704250894,16.013044794108282,-2.928415401388078,72.66634898194677,synthetic_demo_only,SYNTHETIC DEMO DATA — generated by scripts/make_sample_data.py. NOT real sovereign ratings. Do not use for empirical conclusions.,-0.05457802929099048,-0.13770688693726602,0.39501622313254325,0.4191161133190989,0.3540211844041034,0.4476430953834298
IDN,Indonesia,2020,3.11906136872774,9.213692805388026,92.39927623454388,101.53297576842652,4.326398926580385,2.2588230926887336,,5445.373216466042,15.987172124592654,2.1616612130660453,106.24391628825553,synthetic_demo_only,SYNTHETIC DEMO DATA — generated by scripts/make_sample_data.py. NOT real sovereign ratings. Do not use for empirical conclusions.,-0.2666667999194455,0.3844152558992695,0.6447577544527778,0.5824474180912911,1.040025304562965,0.28060715815557824
IDN,Indonesia,2021,-0.6767504306832306,2.9174712473055116,94.10459389141491,96.8053117864965,3.506186062370797,0.9679766939451029,36.58185933643421,6848.272019605975,16.614716398118482,1.5918455831093723,82.01029802773516,synthetic_demo_only,SYNTHETIC DEMO DATA — generated by scripts/make_sample_data.py. NOT real sovereign ratings. Do not use for empirical conclusions.,0.5168036054475924,-0.2735360618085049,0.748142322968963,0.8552356880324052,0.5296670088896959,0.4789440034096061
IDN,Indonesia,2022,2.519151434876482,5.910399425481778,96.80652600469165,87.94702411899475,5.7946305516711005,6.720631287857235,34.47433498308608,5743.82291805941,16.56852850412952,4.8239697620778195,122.44471761119117,synthetic_demo_only,SYNTHETIC DEMO DATA — generated by scripts/make_sample_data.py. NOT real sovereign ratings. Do not use for empirical conclusions.,0.004700896258586412,-0.3350492019133071,0.6415235122649205,0.2769454881824714,0.07414285195290052,0.14382248591054267
IDN,Indonesia,2023,-0.1953150525129268,11.367911361787627,109.53958971516326,83.8293376806203,7.563673993185519,-0.7985623506245105,48.22311428149612,5570.905894400454,16.921341473759863,0.6112991261537486,301.2704341719052,synthetic_demo_only,SYNTHETIC DEMO DATA — generated by scripts/make_sample_data.py. NOT real sovereign ratings. Do not use for empirical conclusions.,-0.12417781364804097,-0.325238855659651,0.6937520589331876,0.6993295066683141,-0.051098051279930334,0.40141853794160076
IND,India,2000,2.6355113030040775,7.253931205045025,97.87220355663452,85.53810533809212,4.908243985023068,2.9795976117377903,45.47127411366485,4811.890458651894,0.3837639905255317,-0.5842262935565194,184.9880212425419,synthetic_demo_only,SYNTHETIC DEMO DATA — generated by scripts/make_sample_data.py. NOT real sovereign ratings. Do not use for empirical conclusions.,,,0.28984843616195644,,0.548860932391414,0.18895932049288766
IND,India,2001,2.848299813898297,9.291803247563525,96.11497822266948,83.76245202307204,6.863756381308413,0.7017788807290832,29.91753254903621,4334.102191425525,0.37411199316379407,-1.5327774881047738,102.51869365105182,synthetic_demo_only,SYNTHETIC DEMO DATA — generated by scripts/make_sample_data.py. NOT real sovereign ratings. Do not use for empirical conclusions.,-0.18089754200089772,,0.35435510259961056,0.2788459619731417,0.6258120817838055,-0.2513925202505223
IND,India,2002,-0.7851748063908583,9.541440174307226,111.9580042645232,63.80542796288971,4.011649976102619,1.0038366818455058,35.19127843307072,4713.723556616072,0.3798575195881114,-2.6208693777703993,262.79182816448065,synthetic_demo_only,SYNTHETIC DEMO DATA — generated by scripts/make_sample_data.py. NOT real sovereign ratings. Do not use for empirical conclusions.,0.4756025343105362,-0.31803225724635353,0.08141410443458724,-0.03210094923464263,-0.3361943650133648,-0.39090458195916855
IND,India,2003,3.183805391994528,10.68098740285327,109.12332838667406,81.59621877845623,4.904901294286297,-1.4238390707554074,33.38008945131066,4040.0808531360444,0.4058786983626701,0.4582393406069152,220.17978030789007,synthetic_demo_only,SYNTHETIC DEMO DATA — generated by scripts/make_sample_data.py. NOT real sovereign ratings. Do not use for empirical conclusions.,0.2599616705031587,-0.11173182682139349,-0.21078076636078208,-0.04501910811314658,0.1134318944850624,0.7010348241827883
IND,India,2004,-0.3376560292996953,5.842225314937127,110.66022300629294,74.17371126601168,4.977644305907464,-1.1823476317687558,33.998869670852706,3815.3016784216734,0.42912639194025876,3.011098675874406,337.98097430831024,synthetic_demo_only,SYNTHETIC DEMO DATA — generated by scripts/make_sample_data.py. NOT real sovereign ratings. Do not use for empirical conclusions.,0.22047025272841522,0.3286582006803169,0.23532605652428576,0.38664449325972544,0.23459146008306028,-0.2539582573633322
IND,India,2005,-0.13777556474607078,8.041242089424708,118.59252536917734,93.5072895228761,5.756997664920197,4.785570961847855,35.86910297838548,5261.438920327683,0.4526525074664042,-3.159517093612484,172.29812157517938,synthetic_demo_only,SYNTHETIC DEMO DATA — generated by scripts/make_sample_data.py. NOT real sovereign ratings. Do not use for empirical conclusions.,-0.05399581513863701,-0.5689860904947897,0.1259971948631228,0.3612737229725272,0.3614955175967941,0.16150051372661278
IND,India,2006,2.1641391098106135,6.409004936592638,98.14032192170191,99.10498495234236,4.3254843225308255,1.653923965314469,34.489334364779424,4310.411016470272,0.43191345748678844,-5.000188057594048,66.02471731244214,synthetic_demo_only,SYNTHETIC DEMO DATA — generated by scripts/make_sample_data.py. NOT real sovereign ratings. Do not use for empirical conclusions.,0.20134877313184482,0.043447224865371954,0.5271876887884079,0.5267180303133011,-0.14910706218395092,0.7015740487186912
IND,India,2007,0.8711280711701473,8.470534309700547,112.64454643449061,80.27735353310028,5.614330281325673,1.901032552188962,33.165023827708204,5248.624417076703,0.450240507537879,-6.547524285933263,167.40717075936982,synthetic_demo_only,SYNTHETIC DEMO DATA — generated by scripts/make_sample_data.py. NOT real sovereign ratings. Do not use for empirical conclusions.,0.09251000224832082,-0.24064253070484443,0.678207243266484,0.0015193132133475284,-0.01868975271916215,0.16623073993737433
IND,India,2008,0.4847579970620015,8.152345563429318,97.92410222426196,103.74364180215628,2.9420968925931263,-1.5452797361675568,25.236586692033747,4999.3026411604205,0.4942949712721718,6.608180703520542,138.30709524449705,synthetic_demo_only,SYNTHETIC DEMO DATA — generated by scripts/make_sample_data.py. NOT real sovereign ratings. Do not use for empirical conclusions.,-0.0809507599584522,-0.5961658063215464,0.3707351053913185,0.057365313172325155,-0.08233929882706825,0.02942787066240371
IND,India,2009,0.4222510541131008,6.52539962973385,100.09214898085948,66.08552552710587,4.827982308671472,3.6839150632998505,29.949490789059894,4047.774951072827,0.5235870168790728,3.392096545669901,124.38767072861572,synthetic_demo_only,SYNTHETIC DEMO DATA — generated by scripts/make_sample_data.py. NOT real sovereign ratings. Do not use for empirical conclusions.,0.3234199954077184,0.07860329476705477,0.3330454009395993,0.29641841268468894,0.2549108904802402,0.680713321080956
IND,India,2010,-0.15398615909280577,9.401684695882116,108.38986567378929,73.14212997922223,2.599899133611991,1.7297893069826218,27.055344672759084,5152.0099008034485,0.5012607801581659,3.9189307050147604,247.02885608999887,synthetic_demo_only,SYNTHETIC DEMO DATA — generated by scripts/make_sample_data.py. NOT real sovereign ratings. Do not use for empirical conclusions.,0.23778154206423532,0.21517910292039744,0.31855736546839974,0.13527089355146873,0.09715485611252783,0.36851598574485517
IND,India,2011,1.1769486925066106,8.993020405975518,101.50430632569746,71.26627422818991,4.572562701920367,-0.03767746641312253,38.20023102271911,4397.244014901057,0.4598948248421962,-1.1170904338450995,121.82707287192595,synthetic_demo_only,SYNTHETIC DEMO DATA — generated by scripts/make_sample_data.py. NOT real sovereign ratings. Do not use for empirical conclusions.,0.09534765248801816,0.6405872435870044,-0.07374460388771659,0.1988535016541826,0.21096231552288525,0.6684423409432829
IND,India,2012,3.000401079091583,5.836408700978768,103.17073290572105,79.3372660829853,4.145749297304502,-2.535501321632765,40.14629267017782,3821.724194706431,0.42956583639430196,-2.465454281172847,87.29606004115547,synthetic_demo_only,SYNTHETIC DEMO DATA — generated by scripts/make_sample_data.py. NOT real sovereign ratings. Do not use for empirical conclusions.,0.24626339369183395,-0.057259627267361626,0.48199155634633456,0.45009869386290347,0.2545415748836644,-0.18674338916696442
IND,India,2013,5.0026977476558985,11.787999433275246,103.04458172519529,71.97331346700413,4.36893393742059,2.2180213346489976,28.236901688469334,4058.5426186583963,0.39229487071250535,-2.0243968677173045,124.92702054424916,synthetic_demo_only,SYNTHETIC DEMO DATA — generated by scripts/make_sample_data.py. NOT real sovereign ratings. Do not use for empirical conclusions.,0.11449899523751077,-0.16782852212306817,0.5138889604295424,0.3233422244031101,0.7126680830042277,0.256772227867416
IND,India,2014,3.4970504379290883,7.141356366376756,122.65292849390146,100.67420785045503,4.338099488762103,2.5056852134515775,31.60928323577879,4157.375231728661,0.3979808555565418,2.4113330761809597,87.09370251062278,synthetic_demo_only,SYNTHETIC DEMO DATA — generated by scripts/make_sample_data.py. NOT real sovereign ratings. Do not use for empirical conclusions.,0.0368876976789206,-0.3528276431679062,-0.12960354610600688,0.5525334172496315,-0.4998764315279713,0.4267975148585651
IND,India,2015,4.251047423731889,5.45196834285551,100.43807051180791,110.96484555103413,6.811071478918206,-3.5821251712221827,35.702784305641316,4070.4643755018287,0.3397950801594592,4.409031918895686,165.357868695745,synthetic_demo_only,SYNTHETIC DEMO DATA — generated by scripts/make_sample_data.py. NOT real sovereign ratings. Do not use for empirical conclusions.,0.1311631733503502,-0.17044565211043092,0.6566935406344099,0.6376963096626282,0.28404325211584974,-0.03683575002579342
IND,India,2016,1.4420027330213054,7.987361364938716,,104.84887915347916,3.471710420120235,-3.8711831330047826,31.815352622590172,2909.787544480087,0.39169212425905237,0.25128337344280305,324.53479573524515,synthetic_demo_only,SYNTHETIC DEMO DATA — generated by scripts/make_sample_data.py. NOT real sovereign ratings. Do not use for empirical conclusions.,0.3300276773995529,-0.06549682348284461,0.28661720366843724,0.0001573639132312621,0.1629982278146605,0.2754653439039476
IND,India,2017,0.289764227087292,5.132122260718012,112.19142436189712,89.50070405848174,6.837988217080194,0.8272360538279515,30.332153569004518,4426.720813812706,0.4135811006513482,-3.6322506374732724,116.59932998985329,synthetic_demo_only,SYNTHETIC DEMO DATA — generated by scripts/make_sample_data.py. NOT real sovereign ratings. Do not use for empirical conclusions.,0.4048211130907438,0.5995098705437365,0.5631895651318856,0.7194200472321353,0.2710630147906108,0.9111898776606715
IND,India,2018,0.20691180937708475,6.6871356823613795,110.23105521694421,103.63619561955679,4.06826318536338,1.015869098591768,29.283311466845902,3547.5110976684186,0.4617014956713161,0.34664317338770356,213.7405762168926,synthetic_demo_only,SYNTHETIC DEMO DATA — generated by scripts/make_sample_data.py. NOT real sovereign ratings. Do not use for empirical conclusions.,-0.12508109632965145,-0.19286038367457792,-0.06303356266862414,0.449852726394222,-0.4961537470734665,-0.13316735029085125
IND,India,2019,-1.8044142561136507,7.567555096378873,117.17506167686483,113.02399091297934,3.1614635805691913,-1.4888960448324229,,4176.189360469774,0.48131649721119596,2.7511296004247727,192.30142967631113,synthetic_demo_only,SYNTHETIC DEMO DATA — generated by scripts/make_sample_data.py. NOT real sovereign ratings. Do not use for empirical conclusions.,0.4470213236389894,-0.42235295971238773,-0.13766558748811902,0.4697311124537564,0.8137437496673837,0.18329506400252377
IND,India,2020,0.8715384261425655,9.204713831385783,107.07940987719097,91.79232288751412,4.819034084452755,3.042336256871806,28.047908675222654,3264.023184448451,0.4715081619979572,3.6470931287773927,251.96919561196125,synthetic_demo_only,SYNTHETIC DEMO DATA — generated by scripts/make_sample_data.py. NOT real sovereign ratings. Do not use for empirical conclusions.,-0.52146709453001,-0.26243820287878017,0.4382019867580704,0.10173201598748943,0.22221992664895315,0.06018925523157105
IND,India,2021,1.762784827406677,7.062485774747881,110.72904490497156,98.62661376117455,4.554996576730806,2.625384309984053,34.84296562238923,4918.707183892816,0.44954836872778575,-0.2833328576653371,177.54484005073107,synthetic_demo_only,SYNTHETIC DEMO DATA — generated by scripts/make_sample_data.py. NOT real sovereign ratings. Do not use for empirical conclusions.,0.030272647114534423,0.18072750828958373,0.0875609498159175,0.013470910067760578,0.4838413233985536,0.598702447275781
IND,India,2022,-0.6121563632720481,7.530531252233181,89.85363672748389,76.15920127331125,5.560756951366911,0.5343243668651287,32.7199751033495,5522.325347351385,0.4475266574170182,-2.9459692771433064,142.17461486262252,synthetic_demo_only,SYNTHETIC DEMO DATA — generated by scripts/make_sample_data.py. NOT real sovereign ratings. Do not use for empirical conclusions.,0.5137708404170263,0.4052045827387418,0.5374824195750779,0.4246942238780546,0.45492275355648637,0.48391611216357844
IND,India,2023,0.8345802684943557,6.894193760477394,109.16786804465438,93.29269075974275,4.872292346317351,2.544102801329962,36.45415457358542,5138.897146221697,0.46265938674930496,1.1875273522539265,302.9460577993675,synthetic_demo_only,SYNTHETIC DEMO DATA — generated by scripts/make_sample_data.py. NOT real sovereign ratings. Do not use for empirical conclusions.,0.4002197265783306,-0.05866754988477063,0.871443991457288,-0.22525718892741836,0.6366540609418754,0.2127865631858241
ITA,Italy,2000,3.866958139941577,6.30982446716074,108.08098629448466,73.96504595608401,4.3817620347004,5.296076038574665,37.35139185661854,9729.23749463103,0.4425623359282273,1.934966714911801,86.93806230825781,synthetic_demo_only,SYNTHETIC DEMO DATA — generated by scripts/make_sample_data.py. NOT real sovereign ratings. Do not use for empirical conclusions.,0.3069680847429104,,0.34856705570303703,1.0908337034889404,0.07207061339487414,0.44286317498840344
ITA,Italy,2001,4.586549449932118,3.3873218773848124,91.4626918708225,92.8551761990737,3.669083269667227,1.824134849044877,50.453494806440844,6311.509717637792,0.4408137421859715,-0.7750564326063905,79.43220299734809,synthetic_demo_only,SYNTHETIC DEMO DATA — generated by scripts/make_sample_data.py. NOT real sovereign ratings. Do not use for empirical conclusions.,,-0.37472638890441745,,0.21404396538780207,,0.5322134666840964
ITA,Italy,2002,3.230289994062976,5.762113827481193,84.53937842488624,67.7929705008325,4.789225292814456,-2.6772981682536,31.184778127535246,6338.561286798974,0.43780315951923804,1.8566589457358225,60.68528308828583,synthetic_demo_only,SYNTHETIC DEMO DATA — generated by scripts/make_sample_data.py. NOT real sovereign ratings. Do not use for empirical conclusions.,0.621171520931438,0.4731842612419859,-0.12816802448322306,0.62532421283328,0.441372695672685,0.39783627834403984
ITA,Italy,2003,2.6512925334572914,7.607667991089432,90.40236925571068,91.28861522290244,3.192024543591558,2.5105647594470897,45.75384613898582,6450.017998424049,0.4510852380632495,1.7302097621258328,77.98422850453346,synthetic_demo_only,SYNTHETIC DEMO DATA — generated by scripts/make_sample_data.py. NOT real sovereign ratings. Do not use for empirical conclusions.,0.47815534216876715,0.6384828291847064,0.7394500376833784,0.1742093641445504,0.6020181525809257,0.9390564510015526
ITA,Italy,2004,2.7005964946684875,5.7155207912520885,94.76037217057677,80.5388982911372,8.784449473765154,2.7328379967520675,26.769319319173814,6010.096184039924,0.45811256326347455,2.796375255607928,40.04803212368936,synthetic_demo_only,SYNTHETIC DEMO DATA — generated by scripts/make_sample_data.py. NOT real sovereign ratings. Do not use for empirical conclusions.,0.32700703571834855,-0.0502700799930923,0.6443101560442495,0.7942296804418474,0.07279250855905445,0.39585224417809495
ITA,Italy,2005,3.1476389229147306,5.790606059545499,102.15155616121055,79.1893158733673,3.830954881877422,1.7441519215509944,35.26174807680465,8140.359761896083,0.47230508919956155,3.174801914222177,57.28046710983463,synthetic_demo_only,SYNTHETIC DEMO DATA — generated by scripts/make_sample_data.py. NOT real sovereign ratings. Do not use for empirical conclusions.,-0.007404748993123156,0.2281656298086839,0.44890117120538475,0.637637964120777,1.231920255443037,0.3929619490835746
ITA,Italy,2006,2.9878321360451543,2.1530709927495937,97.42001935192518,85.57264012671985,6.329442193578216,1.6657000255915018,32.84160080186259,7702.429845912064,0.40881897260369593,1.4808485467225174,87.58794671853641,synthetic_demo_only,SYNTHETIC DEMO DATA — generated by scripts/make_sample_data.py. NOT real sovereign ratings. Do not use for empirical conclusions.,0.6185987196700997,0.3810727288965463,0.2574441941257764,1.197785920384952,0.5349762986154596,0.8054068335299075
ITA,Italy,2007,1.6799629987981637,4.113616819035062,94.01369397002604,69.16928785655442,6.572753559170145,3.620844493273501,34.734213786304394,6337.938611944311,0.37451940286870594,4.720889119477687,82.27578042195506,synthetic_demo_only,SYNTHETIC DEMO DATA — generated by scripts/make_sample_data.py. NOT real sovereign ratings. Do not use for empirical conclusions.,0.132790224121508,0.08554257016006231,0.4898436251123126,0.44091160484555564,0.5068246766659523,0.3675035769770798
ITA,Italy,2008,3.421140640782439,3.352525296645061,105.55848130799708,90.33156604933893,5.91789747412751,0.09884068290868164,27.700342282493338,5518.880227245214,0.36764667923477024,7.667740592079879,105.2365743056189,synthetic_demo_only,SYNTHETIC DEMO DATA — generated by scripts/make_sample_data.py. NOT real sovereign ratings. Do not use for empirical conclusions.,-0.24801907566993714,-0.04813932958474107,0.5592999260587219,0.038271722869997415,1.2858858657357546,0.799647633093943
ITA,Italy,2009,0.06362281261284064,5.1617536252289415,102.56088315633521,67.67274968939252,,3.8691599270487127,40.01618664059905,3990.2719333459813,0.3835223083105403,3.0654599461528917,103.53434600568937,synthetic_demo_only,SYNTHETIC DEMO DATA — generated by scripts/make_sample_data.py. NOT real sovereign ratings. Do not use for empirical conclusions.,-0.45687638172286327,-0.0778881045052663,0.7646901076564321,0.40643167897480403,0.29713135138342905,-0.27270886607419376
ITA,Italy,2010,3.8968767487673155,7.139347669389942,92.5659550562899,93.9486314542304,5.544378483309067,-0.17019207267978564,31.33269468042452,4803.447320711579,0.38550701362893436,7.189466332175058,87.52540504912174,synthetic_demo_only,SYNTHETIC DEMO DATA — generated by scripts/make_sample_data.py. NOT real sovereign ratings. Do not use for empirical conclusions.,0.11278582326850956,-0.01756075831687426,0.743817892229789,0.4828148128028194,0.2719730983134099,0.41677156830734313
ITA,Italy,2011,2.5665446262792218,13.37372427064437,118.24057578003853,86.43581135941753,5.6406485990294035,-0.7061588192090917,25.864916973244977,4034.8731436747075,0.387264385709292,3.5104293773459148,259.6831391057052,synthetic_demo_only,SYNTHETIC DEMO DATA — generated by scripts/make_sample_data.py. NOT real sovereign ratings. Do not use for empirical conclusions.,0.06446411565901285,-0.6325675218305706,0.35671904545219923,0.5312964596068305,0.19265183928742996,0.07478986890996173
ITA,Italy,2012,4.33226345406574,7.898882823819433,82.06967249512442,94.92558594186863,7.507471588096569,2.200818801381584,34.90943979929114,4713.754386197673,0.42406862320576494,4.645057243417063,148.25929515538232,synthetic_demo_only,SYNTHETIC DEMO DATA — generated by scripts/make_sample_data.py. NOT real sovereign ratings. Do not use for empirical conclusions.,0.5178507878020063,-0.04574465144573025,0.4164211807779898,-0.30613285725347594,0.11766920612485926,-0.4047572976871928
ITA,Italy,2013,0.13445201836111242,8.53508109955447,85.40866044554701,95.4210298389605,7.22774165529671,0.6714237867757213,32.14851667818647,4352.540725394,0.4762917074105718,3.3349683349378534,120.57163909220432,synthetic_demo_only,SYNTHETIC DEMO DATA — generated by scripts/make_sample_data.py. NOT real sovereign ratings. Do not use for empirical conclusions.,0.17696959854881533,0.31741787742936556,0.47344671338569366,0.7917842955183743,-0.02535629069282702,0.3836948790698575
ITA,Italy,2014,1.597666736916377,9.32129224028154,,74.95447268699645,5.725232776613047,3.995483151452963,34.2670501381218,5051.047919851404,0.4806815705305671,2.6623755170331367,80.95030517328766,synthetic_demo_only,SYNTHETIC DEMO DATA — generated by scripts/make_sample_data.py. NOT real sovereign ratings. Do not use for empirical conclusions.,-0.4860590685500122,0.0065565732197748194,0.1313590573913591,0.47769723894157506,0.1816337129997127,0.3019932870922633
ITA,Italy,2015,2.2972434760839198,6.607988691578932,101.85608236763852,87.53780150295617,5.5270702175435185,-1.9902347672710554,33.735100124770156,6170.250618513597,0.4659084968926124,-3.7651985263354018,90.04400504267022,synthetic_demo_only,SYNTHETIC DEMO DATA — generated by scripts/make_sample_data.py. NOT real sovereign ratings. Do not use for empirical conclusions.,0.4924439190437951,0.3041651404638531,0.5272790394905118,0.19483559030635772,0.7866388190797083,0.5358119942928034
ITA,Italy,2016,1.7077665473212398,4.783465360183883,93.8445562259504,69.06438047504236,4.7175795191553895,-2.9746057557336334,37.21486186743716,6492.389118400118,0.4494405450927721,-1.8070195403805944,81.73729714905365,synthetic_demo_only,SYNTHETIC DEMO DATA — generated by scripts/make_sample_data.py. NOT real sovereign ratings. Do not use for empirical conclusions.,0.5514794708116391,0.065039953634657,0.7902295593280094,0.7555830484263152,-0.1992612663834853,0.23564534717421903
ITA,Italy,2017,2.9103792877974,4.650305542608612,105.45776107813232,52.43163877753221,4.076790152668976,3.270424877517886,44.39429869781888,9382.021008965421,0.4126512718056248,1.3230074454808238,69.07329797928746,synthetic_demo_only,SYNTHETIC DEMO DATA — generated by scripts/make_sample_data.py. NOT real sovereign ratings. Do not use for empirical conclusions.,0.9658174472178294,0.9122971280866203,0.7202357797487895,0.5433087808445115,0.5012435938592819,0.5132178166592357
ITA,Italy,2018,5.853794642724076,1.8050803021669992,78.47839088651597,80.0898291796627,3.9824295436214334,3.46196689026971,34.55886361208984,8294.994458448302,0.45578125075731196,0.34893676688163966,42.36333065576299,synthetic_demo_only,SYNTHETIC DEMO DATA — generated by scripts/make_sample_data.py. NOT real sovereign ratings. Do not use for empirical conclusions.,0.6213746614131996,0.1727483916987392,0.8957244202199105,0.9068356574491828,0.4767240960014082,0.7208586696028203
ITA,Italy,2019,2.4098330850128287,7.938613845897462,87.13600074909229,85.62725798119382,5.257195569751223,2.2720415537636494,35.94313633196781,7593.666920777246,0.4516090562905659,-7.123041433052074,45.544206762542025,synthetic_demo_only,SYNTHETIC DEMO DATA — generated by scripts/make_sample_data.py. NOT real sovereign ratings. Do not use for empirical conclusions.,0.4290328275394152,0.017912528972162334,-0.1667675045641377,1.0850127916371068,1.2213483782321934,0.7676078322623988
ITA,Italy,2020,1.5721632281775357,6.515115985627715,91.31851056869395,77.5939697636409,6.789122548588045,0.0687027349385827,47.31937411472071,6056.695113830966,0.45848986736704533,-0.11808741394521316,66.54651837433664,synthetic_demo_only,SYNTHETIC DEMO DATA — generated by scripts/make_sample_data.py. NOT real sovereign ratings. Do not use for empirical conclusions.,0.7747887225215326,0.6736824524721268,0.29151961728083503,0.7812640907796292,0.4422040876012439,0.47788203399235524
ITA,Italy,2021,0.7332459160653724,5.948894181514644,100.68545337694776,83.83795869213738,7.800973685095569,1.6447673888785581,43.23793822363179,7929.993866488307,0.4614102447404512,-0.30912908875337464,50.74102033799549,synthetic_demo_only,SYNTHETIC DEMO DATA — generated by scripts/make_sample_data.py. NOT real sovereign ratings. Do not use for empirical conclusions.,0.17359425259105848,0.7085135997397596,0.41286918327938277,0.42622925920638277,0.19673044687449576,0.15280911369069256
ITA,Italy,2022,4.60983266175438,5.010346848232913,107.06920613190871,59.36005388006926,5.520901951959835,6.499908611631113,40.24223141000481,9067.674507486214,0.4159232346635473,-1.379083916634832,49.05316146071823,synthetic_demo_only,SYNTHETIC DEMO DATA — generated by scripts/make_sample_data.py. NOT real sovereign ratings. Do not use for empirical conclusions.,0.46476942323157355,-0.017860287856296453,0.9710581368352389,0.205767196549769,0.04478672906821701,0.9326642500123733
ITA,Italy,2023,-0.060300278147095376,6.298144185917175,102.84760847510202,67.07382703337775,4.405228917079106,2.6529465355852073,30.24378858301483,9084.26143828594,0.4154672313395024,-2.385304366671603,55.25124831071602,synthetic_demo_only,SYNTHETIC DEMO DATA — generated by scripts/make_sample_data.py. NOT real sovereign ratings. Do not use for empirical conclusions.,0.052363655883039484,0.6333665845018683,0.4397658710097331,0.921496536017089,0.5721651769027909,-0.048269796112369145
JPN,Japan,2000,3.44993097239121,3.457273742759764,,54.49775128590627,6.171922415154783,2.6712967997946997,33.14751137335665,14012.556379618001,15.363538012944694,5.839429170141699,10.01284118552035,synthetic_demo_only,SYNTHETIC DEMO DATA — generated by scripts/make_sample_data.py. NOT real sovereign ratings. Do not use for empirical conclusions.,,-0.0232052229898414,,,0.9175811083817389,0.5376800463968485
JPN,Japan,2001,2.794816050196622,6.628788266473423,88.22466713140166,78.47943473227812,,5.556794997726303,54.95328495432135,14445.6077484008,15.147391545693951,-1.9056085601963604,17.28622689292748,synthetic_demo_only,SYNTHETIC DEMO DATA — generated by scripts/make_sample_data.py. NOT real sovereign ratings. Do not use for empirical conclusions.,,,1.2142494164811064,,1.1378496350677294,
JPN,Japan,2002,3.207937012661676,1.9721486789557754,83.8748354497337,48.37228360947532,6.874272270907411,3.55669895287506,45.69519549681433,14360.588392146798,14.628019234363153,-3.684123578213655,36.15759375826415,synthetic_demo_only,SYNTHETIC DEMO DATA — generated by scripts/make_sample_data.py. NOT real sovereign ratings. Do not use for empirical conclusions.,0.947373096355844,0.6789778916541322,1.144924146044749,1.1497418949815688,1.2607185557609504,0.48775017734224885
JPN,Japan,2003,3.3196321602389944,7.277940614146805,93.0865849959316,59.87791818392301,6.085376507537067,3.6188816954702636,40.62436707473344,10565.520965106325,13.78694693114743,-2.3130013326248973,24.70328796793163,synthetic_demo_only,SYNTHETIC DEMO DATA — generated by scripts/make_sample_data.py. NOT real sovereign ratings. Do not use for empirical conclusions.,0.8072143651042812,0.7752764537272776,1.0340869442537455,0.9353395209359278,1.074076674594644,0.9864874665643635
JPN,Japan,2004,1.8069069140902332,,74.83498560061595,68.66369188954003,6.6894290082488865,0.16659257076043676,42.12156996757706,12835.581125819606,13.17461868601887,-2.125201093856805,19.824555977183188,synthetic_demo_only,SYNTHETIC DEMO DATA — generated by scripts/make_sample_data.py. NOT real sovereign ratings. Do not use for empirical conclusions.,0.6024314335349041,0.6439230674036047,1.0318983286199004,0.8614648476328405,1.1980048907261445,1.3964269849905993
JPN,Japan,2005,2.6570884025322203,5.85271205080925,80.3273995249839,60.51582864795343,5.926901511201767,2.0521539481819246,37.03733754892618,9898.354794595976,13.80827352167126,1.060072340419314,23.98646602046874,synthetic_demo_only,SYNTHETIC DEMO DATA — generated by scripts/make_sample_data.py. NOT real sovereign ratings. Do not use for empirical conclusions.,0.5408777297159533,0.8327436272196533,1.146703869529149,1.0522560400973204,1.0461400339016094,0.677460333205765
JPN,Japan,2006,4.47207300855711,0.008024822295584322,79.9941008667143,56.37852713394273,5.304213541988887,4.341058353561966,40.96459235584163,11787.389639098486,13.238981257819935,-1.5497259800172989,30.691042290636883,synthetic_demo_only,SYNTHETIC DEMO DATA — generated by scripts/make_sample_data.py. NOT real sovereign ratings. Do not use for empirical conclusions.,0.31111926031350823,0.3172474587515132,1.2859816814382456,0.774482933609617,0.7826943784428534,0.3282046852089542
JPN,Japan,2007,2.5458607726984184,1.3122982277497157,86.49806126172611,55.33055203926497,7.74387634565291,2.1009805161822133,26.98577012494234,9270.121093069822,14.639746112653267,2.7988535536305816,31.40977424400717,synthetic_demo_only,SYNTHETIC DEMO DATA — generated by scripts/make_sample_data.py. NOT real sovereign ratings. Do not use for empirical conclusions.,0.3255220108647555,0.5756505470593949,0.5340542048441332,0.7656742074709186,0.8029678470918264,0.4118316718674586
JPN,Japan,2008,1.2953676982764046,4.820425625072358,77.03402138099439,62.35440594931796,5.624191181580382,2.4516292496305816,44.5310678096088,9946.26125685033,13.031822046484082,-2.4877002666340315,43.38089917239324,synthetic_demo_only,SYNTHETIC DEMO DATA — generated by scripts/make_sample_data.py. NOT real sovereign ratings. Do not use for empirical conclusions.,0.3373766860554344,0.35965573807828666,0.7107060256235538,0.9313733727439317,0.2867239994782382,0.9462960973378508
JPN,Japan,2009,4.120268436477425,7.269601709576495,87.85745582378291,65.60279995906747,7.3837683531736165,4.43171441964207,37.57172846909373,11188.181091195018,13.552145287982487,-4.179282373742225,16.27608780105467,synthetic_demo_only,SYNTHETIC DEMO DATA — generated by scripts/make_sample_data.py. NOT real sovereign ratings. Do not use for empirical conclusions.,1.0633203396049198,0.19203236992099842,1.3008743804045801,0.8899039242987344,1.1109837367708877,0.7117140175128263
JPN,Japan,2010,3.2029631645300873,5.496070335933517,71.4217637768376,63.04048071447964,6.31143531907374,1.185119395028721,41.15333625928365,11550.053348017327,13.763838633240411,-3.381086660904633,40.81119849196545,synthetic_demo_only,SYNTHETIC DEMO DATA — generated by scripts/make_sample_data.py. NOT real sovereign ratings. Do not use for empirical conclusions.,0.9003070624396048,1.1546308588226428,0.608185627039503,1.0690545638810263,0.9757420479013689,0.453714979416501
JPN,Japan,2011,4.5897312222916815,4.573867742862106,75.2206736138251,78.9124104695949,5.447568494165207,2.1065631712085073,46.40980356310172,18430.40235294853,13.414086364833219,-3.025643034441623,17.572107164690163,synthetic_demo_only,SYNTHETIC DEMO DATA — generated by scripts/make_sample_data.py. NOT real sovereign ratings. Do not use for empirical conclusions.,0.490891362844994,0.7245343540629142,1.41146625160196,0.7732493739935806,1.3424622200361807,0.6832929067361776
JPN,Japan,2012,3.5630435801743108,4.709038255336922,80.68601486500776,67.59765567042207,7.2579012079897565,1.7398152039879289,38.59209461071036,11713.209507254069,12.795974685779118,-1.5002688240547881,11.48294402592834,synthetic_demo_only,SYNTHETIC DEMO DATA — generated by scripts/make_sample_data.py. NOT real sovereign ratings. Do not use for empirical conclusions.,1.0572050836384441,1.0611958528466459,1.405806776828452,1.238380197503145,1.0194057892351964,1.0942235847888468
JPN,Japan,2013,1.6853399899265242,6.514200703135419,93.79704228685483,62.35383522817317,8.15180488263633,3.2590807218615567,47.689361412504354,11848.023522626208,13.644444877819813,-0.09217564568686198,23.647297595866476,synthetic_demo_only,SYNTHETIC DEMO DATA — generated by scripts/make_sample_data.py. NOT real sovereign ratings. Do not use for empirical conclusions.,0.49607595563368784,0.697574176087725,0.9488210054280777,1.1931689645432895,1.5590287739281572,1.4482156228882024
JPN,Japan,2014,2.8171495497968557,5.562378310864977,72.04825092633769,61.03416666624083,6.906490029821225,7.377090270007363,52.069694840817704,11867.549951569074,13.731403817057437,-2.9922728795959066,15.132234288387753,synthetic_demo_only,SYNTHETIC DEMO DATA — generated by scripts/make_sample_data.py. NOT real sovereign ratings. Do not use for empirical conclusions.,0.7250785101323511,0.4686073637315421,1.1624624828181276,1.6706838811891291,1.4770724168578206,0.8948869508629819
JPN,Japan,2015,2.7479758438943955,4.516786905262548,,50.590521779262545,8.253094064864783,3.779123523033046,50.972603565826674,13881.725265438212,13.476775524873263,1.2637833459741232,13.567096793912736,synthetic_demo_only,SYNTHETIC DEMO DATA — generated by scripts/make_sample_data.py. NOT real sovereign ratings. Do not use for empirical conclusions.,0.8097943495677543,0.8005576399921773,1.0258841338920244,0.7472506708931306,1.2499725211172135,1.0392704444118341
JPN,Japan,2016,1.7885967831726983,2.4272054442808804,68.70823584201243,66.66388680153165,6.11591157958337,4.190661329630368,35.91569542625555,17835.815233422785,13.223588932849793,0.33403942788220964,28.380563545956946,synthetic_demo_only,SYNTHETIC DEMO DATA — generated by scripts/make_sample_data.py. NOT real sovereign ratings. Do not use for empirical conclusions.,0.6624646962304741,1.3986225995971617,1.1858506706672753,0.7885446618063561,0.5964735667881202,0.5355006331972403
JPN,Japan,2017,4.183978813443624,7.53464578629082,,59.74138510228719,7.248148768793831,2.288047670282216,37.76367629779868,11885.265584155963,13.05873920203453,-3.488333582253246,25.79424523633444,synthetic_demo_only,SYNTHETIC DEMO DATA — generated by scripts/make_sample_data.py. NOT real sovereign ratings. Do not use for empirical conclusions.,1.1679893432525057,0.5754961971725979,0.6674164964237521,0.9357458626183124,0.7962528157787591,0.948352267628389
JPN,Japan,2018,3.0826734981917463,8.485540143165906,87.79195136151357,88.77526611839534,8.906777657054908,3.4081259173153517,41.31433423524038,13723.20173194552,13.538583515619363,-0.47607670805095215,12.302368547713195,synthetic_demo_only,SYNTHETIC DEMO DATA — generated by scripts/make_sample_data.py. NOT real sovereign ratings. Do not use for empirical conclusions.,1.0698628601412545,1.1387153738428615,1.063679241836925,0.8335557091872564,0.8404768537288798,0.7945898864803893
JPN,Japan,2019,4.4427838833114315,7.412889403555379,67.61709443415236,68.48861656018836,8.102957212837158,-0.20533415189404414,46.376470586032525,15286.780370742412,12.908580770902546,1.193920034409625,12.42884696289356,synthetic_demo_only,SYNTHETIC DEMO DATA — generated by scripts/make_sample_data.py. NOT real sovereign ratings. Do not use for empirical conclusions.,1.2555732406532099,0.5389570589052102,1.4373238053495692,1.5472549985244937,0.9402835637339273,1.3650316731852643
JPN,Japan,2020,3.9767255320784503,3.5501465340829186,71.68084710484177,51.582873584251836,8.808100015879084,3.082771021232385,42.10229030428317,15341.769824780797,13.280413349774461,-0.4143996152283579,12.185138878199751,synthetic_demo_only,SYNTHETIC DEMO DATA — generated by scripts/make_sample_data.py. NOT real sovereign ratings. Do not use for empirical conclusions.,0.9265692299356386,0.7076708751328302,1.2766859058963418,1.4079202188898932,0.7460980480707773,1.0218534838271789
JPN,Japan,2021,4.944218446963827,1.4246447064180203,62.60932495117217,48.32460137338247,7.27648525812206,-0.29224316622920243,45.306827061979206,13526.328029049717,13.771661054382127,-0.08012669771776759,21.185856787805378,synthetic_demo_only,SYNTHETIC DEMO DATA — generated by scripts/make_sample_data.py. NOT real sovereign ratings. Do not use for empirical conclusions.,0.8126895272376549,0.23993564472389373,1.3208743036730946,0.8854398376120932,1.3413019499796541,0.8425896744773516
JPN,Japan,2022,1.1820817067120366,4.342025561170426,78.6336757369573,70.01073240248179,6.484352259029908,6.70826188494477,49.959059425225234,13589.195203190617,12.66895452218126,-1.7335284859473326,9.456411416740739,synthetic_demo_only,SYNTHETIC DEMO DATA — generated by scripts/make_sample_data.py. NOT real sovereign ratings. Do not use for empirical conclusions.,0.8724516387661014,0.6468455615322262,0.9967420713411219,1.288674052531503,1.5254127852149613,1.2269794368481293
JPN,Japan,2023,3.755127337452787,4.58397307367718,53.68884595221408,91.2043157327,6.771126230723184,2.6708548908081826,49.46141666790461,12291.748276310836,14.184061286471355,-1.818020416872702,22.796684536635833,synthetic_demo_only,SYNTHETIC DEMO DATA — generated by scripts/make_sample_data.py. NOT real sovereign ratings. Do not use for empirical conclusions.,0.901064564364291,0.48316881724436145,0.8007197261578024,0.9617229831844303,0.632345696397209,1.3901233698174855
KOR,"Korea, Rep.",2000,2.393757742196047,8.571385945313091,,52.46681960774116,7.7008974137715,7.416669127599336,37.95184356002238,11041.377678266794,8.370373461207414,-1.377023147974707,48.42616518373206,synthetic_demo_only,SYNTHETIC DEMO DATA — generated by scripts/make_sample_data.py. NOT real sovereign ratings. Do not use for empirical conclusions.,0.36488429779697223,0.6992123257223462,,1.1749080518190622,0.988602687938618,
KOR,"Korea, Rep.",2001,2.517151094347948,5.323604298743892,96.29787544620778,78.13133590724745,6.461744080972627,2.690309092644826,37.88405768381231,7881.618827887344,8.147683612371075,-1.7947992642753046,36.408730428211186,synthetic_demo_only,SYNTHETIC DEMO DATA — generated by scripts/make_sample_data.py. NOT real sovereign ratings. Do not use for empirical conclusions.,0.8177346385464037,0.12067253193130023,,,0.40038368284329784,0.18401453873496715
KOR,"Korea, Rep.",2002,3.3954858912708996,7.108502673534751,86.83403058799276,57.34025758114922,,3.9765978729130875,39.423001852178416,11718.20671191221,8.865440749495962,-1.6435652601247377,19.167706705744326,synthetic_demo_only,SYNTHETIC DEMO DATA — generated by scripts/make_sample_data.py. NOT real sovereign ratings. Do not use for empirical conclusions.,1.4967980619978722,-0.26243171308069585,0.7902913950451645,0.6078662928128109,0.738539251070242,0.3669470728341701
KOR,"Korea, Rep.",2003,1.8036818657346436,9.780610498591429,87.37765446902466,46.81582430572368,4.178245981311333,3.822160766659688,38.38594460708368,8387.829062263452,9.210124810200453,-1.2529922228424684,56.10535983452206,synthetic_demo_only,SYNTHETIC DEMO DATA — generated by scripts/make_sample_data.py. NOT real sovereign ratings. Do not use for empirical conclusions.,0.7354305285761369,0.770900291722576,0.8788248685691096,0.8929487934541649,0.3268125288361292,1.049692888727123
KOR,"Korea, Rep.",2004,0.20275299703296445,4.450182231384781,97.4483029906457,66.93818945948537,6.224214907936085,-0.18327733719379458,42.92670291797354,13685.718490410574,10.266001971248723,-4.454161359004326,19.66803352830133,synthetic_demo_only,SYNTHETIC DEMO DATA — generated by scripts/make_sample_data.py. NOT real sovereign ratings. Do not use for empirical conclusions.,0.31821028853159977,0.23953647592234373,0.3122491075545645,0.6806016698996417,0.2970605083060234,0.16588889921089023
KOR,"Korea, Rep.",2005,5.420078703354017,-0.5343617446232223,84.18774082647171,78.43136753076354,5.139375072304224,3.615910641606406,44.3676605896248,10229.111081500718,9.67859386457925,0.23571489937779194,56.9506493544074,synthetic_demo_only,SYNTHETIC DEMO DATA — generated by scripts/make_sample_data.py. NOT real sovereign ratings. Do not use for empirical conclusions.,0.5563318155719847,0.01278123864441194,1.1999358785062055,0.8264419667865728,0.5919234347885081,1.2940830840680384
KOR,"Korea, Rep.",2006,4.233398058784719,5.539601399507329,77.9047978270009,64.25556694236137,4.528195446169672,0.3390328664134219,40.03653650552188,9330.416793116128,8.861198522257162,2.6048336205539453,40.173326575034004,synthetic_demo_only,SYNTHETIC DEMO DATA — generated by scripts/make_sample_data.py. NOT real sovereign ratings. Do not use for empirical conclusions.,0.7013322403534473,0.02189169810783892,1.101476565891533,0.9721174465922884,1.1229560211387433,0.8276291448615904
KOR,"Korea, Rep.",2007,4.83578340242538,5.561743299147912,88.95259478668295,76.54654439024885,6.859108605809196,-1.4640242078713142,,8802.72399629392,8.538735742811363,0.4566229048140418,36.00750894342359,synthetic_demo_only,SYNTHETIC DEMO DATA — generated by scripts/make_sample_data.py. NOT real sovereign ratings. Do not use for empirical conclusions.,0.19528157131729157,0.4187807207231094,0.7317388260240516,0.6207280436224295,0.8751489787857489,0.745325269887929
KOR,"Korea, Rep.",2008,4.681898881970322,6.347931954176783,71.0466110183057,73.81615710500304,6.90804877208059,1.5266360854960626,34.90052565322951,8933.123913634776,8.542443107117705,3.8614303007347384,35.50339248450942,synthetic_demo_only,SYNTHETIC DEMO DATA — generated by scripts/make_sample_data.py. NOT real sovereign ratings. Do not use for empirical conclusions.,0.8567119607199187,0.4840452625308011,1.2790054831415214,0.6648319550580577,1.0986884385947107,1.0715322294910132
KOR,"Korea, Rep.",2009,6.011101872361737,2.6189978660338284,80.59015737563493,61.80673611502067,6.905214299572589,1.3477069990133466,38.81749540026902,12187.763657475336,9.470466014565362,-0.506800507519346,25.981810542270345,synthetic_demo_only,SYNTHETIC DEMO DATA — generated by scripts/make_sample_data.py. NOT real sovereign ratings. Do not use for empirical conclusions.,0.8883263680114757,-0.23387928176521855,0.6192669422593065,1.0007453153981327,1.3330132915105244,0.24386652636131645
KOR,"Korea, Rep.",2010,1.6748954648702923,4.810247698331053,,74.84655416891655,4.530584220071501,-0.5971449690705715,44.686364054546644,8490.431435910908,9.443101825330844,-6.319215162477007,32.37328095722318,synthetic_demo_only,SYNTHETIC DEMO DATA — generated by scripts/make_sample_data.py. NOT real sovereign ratings. Do not use for empirical conclusions.,0.4502155385095309,-0.16277282116723663,0.6053957399541,0.6599709787969963,0.3653340652054656,0.9455215133520168
KOR,"Korea, Rep.",2011,2.1376281843440443,2.3618103863606517,88.51048279146926,71.73836370929378,5.069769806950964,1.7162991768865197,36.074097828070386,8472.756297495447,9.091186564286678,-4.895287573179635,28.995009540128223,synthetic_demo_only,SYNTHETIC DEMO DATA — generated by scripts/make_sample_data.py. NOT real sovereign ratings. Do not use for empirical conclusions.,1.0015302592957882,0.7348072303354135,0.5295726016610591,1.2122717377928685,0.2605713858227292,0.8826797933408135
KOR,"Korea, Rep.",2012,1.4029360121419692,,97.25361673752194,71.8160182725949,6.448390063303925,4.736042555385037,48.63938064013556,10791.338986911805,8.690587100550028,0.8811572341524734,46.837080057129896,synthetic_demo_only,SYNTHETIC DEMO DATA — generated by scripts/make_sample_data.py. NOT real sovereign ratings. Do not use for empirical conclusions.,0.9074750068084096,0.11015055370579946,0.85065191503984,0.48521096124910634,1.140417968929259,0.6375017495199335
KOR,"Korea, Rep.",2013,3.951991054327913,-0.21266773432415853,89.70723782849232,71.27887113331299,5.153116933088781,4.796198862738339,38.57082906956305,8343.42008075594,8.297146632643223,-4.004851516475538,64.24392447400372,synthetic_demo_only,SYNTHETIC DEMO DATA — generated by scripts/make_sample_data.py. NOT real sovereign ratings. Do not use for empirical conclusions.,0.5726631858205975,0.26265616861652163,0.5045841274152476,1.223616085740043,0.3930171606378615,0.7186389819294048
KOR,"Korea, Rep.",2014,4.43579248303535,-0.9073798625064722,105.40656470527773,76.14513736853418,5.281286690171658,6.991969587290713,41.93945051392542,9692.863357108283,8.186734808938944,0.04617376350873302,42.40429259058965,synthetic_demo_only,SYNTHETIC DEMO DATA — generated by scripts/make_sample_data.py. NOT real sovereign ratings. Do not use for empirical conclusions.,0.6916659240457645,0.28064756131104607,0.862144385249339,0.5993954151023502,0.7776017442046814,0.3779758203701815
KOR,"Korea, Rep.",2015,1.305630574763605,,,67.34593346766924,5.5825511500625495,-1.4892142848845134,,10572.129998030388,8.195620342075078,-1.3335316883399773,62.78029916034119,synthetic_demo_only,SYNTHETIC DEMO DATA — generated by scripts/make_sample_data.py. NOT real sovereign ratings. Do not use for empirical conclusions.,0.29283762914527317,0.3903219920892731,0.4650894535307462,0.38543521237207684,0.43952936098336964,0.47204626688237666
KOR,"Korea, Rep.",2016,4.158958736577955,4.068949494041755,95.9355729845873,58.30058081676467,8.430168309452378,-0.526392757515906,42.33791877205669,9240.55178158963,8.177949640556792,0.9497297308129238,27.511136680340467,synthetic_demo_only,SYNTHETIC DEMO DATA — generated by scripts/make_sample_data.py. NOT real sovereign ratings. Do not use for empirical conclusions.,0.6404151351303924,0.6163249871053521,0.6561017968721058,0.7651229182625742,0.2725419892518425,0.4527925976731555
KOR,"Korea, Rep.",2017,4.77964971504726,5.018987143290209,87.8292821155786,67.82173122055747,6.126903030807681,0.40369829539132995,42.96809368793476,8184.58447299928,8.384525135280363,-5.880048356883271,20.429681555544033,synthetic_demo_only,SYNTHETIC DEMO DATA — generated by scripts/make_sample_data.py. NOT real sovereign ratings. Do not use for empirical conclusions.,0.34673547086375217,0.6373707905325635,0.6160181996926267,0.7334807699105093,0.973560339335151,0.6750609651743028
KOR,"Korea, Rep.",2018,1.5410254363744744,3.891382808888432,81.56493563110803,56.12914306264462,7.513241013529825,-0.9910903159705735,38.09089932152022,10600.901930480419,9.07271399827597,1.1690658770696212,53.69551838515706,synthetic_demo_only,SYNTHETIC DEMO DATA — generated by scripts/make_sample_data.py. NOT real sovereign ratings. Do not use for empirical conclusions.,0.825571433103782,-0.02743762660944221,0.6500937736714849,0.48239855546026317,1.0485239510000959,0.9358278934606994
KOR,"Korea, Rep.",2019,2.1274812041156266,7.651794136687892,90.20208168159998,72.80882839914611,6.011292509661807,1.8651868303356804,36.7510891595872,7479.042316751121,8.454164463652623,3.723821054878638,27.810510581613023,synthetic_demo_only,SYNTHETIC DEMO DATA — generated by scripts/make_sample_data.py. NOT real sovereign ratings. Do not use for empirical conclusions.,0.8504642632258096,0.04617165908916321,1.2724015827965478,0.6208270538947908,0.6879026365699759,0.09369524937911189
KOR,"Korea, Rep.",2020,1.0859114706545503,9.212579357000857,94.71182094415931,72.8058000266884,5.944457347014523,1.7836137912041528,33.81794106867343,9046.785442419667,7.801917518702059,4.3961592804430625,30.601442983423706,synthetic_demo_only,SYNTHETIC DEMO DATA — generated by scripts/make_sample_data.py. NOT real sovereign ratings. Do not use for empirical conclusions.,0.4810310121203567,0.49807784131726224,0.6751896943927735,0.6499028514928443,0.9426647555250759,0.6860529944309774
KOR,"Korea, Rep.",2021,2.5653109934278113,3.68803393862082,84.26023184615106,76.42791684606432,6.742839592176326,0.5344486949328586,38.0881009810291,8214.077134561083,8.335348752573427,-8.636341411645697,58.71370764982356,synthetic_demo_only,SYNTHETIC DEMO DATA — generated by scripts/make_sample_data.py. NOT real sovereign ratings. Do not use for empirical conclusions.,1.1540469802343147,1.2426614345195097,0.854574106520323,0.8543972099043787,0.443204526327919,0.4564903597690039
KOR,"Korea, Rep.",2022,5.471168697580126,5.5415857693805854,91.73312387028896,74.69553542329439,5.076062555290305,10.118720305864738,,11541.44364810748,7.508066451785537,1.0319697231434077,31.608885772206477,synthetic_demo_only,SYNTHETIC DEMO DATA — generated by scripts/make_sample_data.py. NOT real sovereign ratings. Do not use for empirical conclusions.,1.1322153374695736,0.5895446441386573,0.4949535964388549,0.9225789839319969,0.8606389403432527,0.8294235049966918
KOR,"Korea, Rep.",2023,4.0442606173952935,4.788883301597477,81.80708432735224,57.82614237291208,7.846180629357775,2.540334957972623,39.882879331979765,8815.16860468426,7.318545579439079,7.098991264499743,42.67725286910988,synthetic_demo_only,SYNTHETIC DEMO DATA — generated by scripts/make_sample_data.py. NOT real sovereign ratings. Do not use for empirical conclusions.,1.0060883791978183,0.7191432396299783,0.5823764411156088,0.8263226587704903,0.7292193090735013,1.3554656747374945
MEX,Mexico,2000,-2.33260409047032,6.529840097524361,115.69576564272889,84.60316438516283,4.579627921456809,0.05648416267416623,37.93405039916307,5870.047406162899,3.076156058203678,1.0094133294866114,246.29493713345343,synthetic_demo_only,SYNTHETIC DEMO DATA — generated by scripts/make_sample_data.py. NOT real sovereign ratings. Do not use for empirical conclusions.,,-0.0052351384640604536,,,0.22727693571680008,
MEX,Mexico,2001,2.3963282503231333,10.973167233852283,115.04832263090428,80.4439861908663,6.049879334068434,-2.5060012362486304,25.646348979955683,4782.638075102016,3.1761460742275394,-1.926406842609306,135.04876544663523,synthetic_demo_only,SYNTHETIC DEMO DATA — generated by scripts/make_sample_data.py. NOT real sovereign ratings. Do not use for empirical conclusions.,-0.09829421023011371,,,,0.38166703959433124,
MEX,Mexico,2002,-0.5887602835575803,6.135432012900583,98.41037373717212,77.15691106911436,6.56403587171763,1.5610465327371232,39.06015052165413,6821.996282422011,3.0547452493031977,1.6888890514055233,132.13860877476372,synthetic_demo_only,SYNTHETIC DEMO DATA — generated by scripts/make_sample_data.py. NOT real sovereign ratings. Do not use for empirical conclusions.,0.593486619882011,-0.068752540066224,0.27126411410358325,0.3491697602671495,0.3112684922303515,0.04552450069524272
MEX,Mexico,2003,0.09129805321269924,8.3666418671656,104.29932127345211,71.90224803648546,3.827836321915348,1.9601998461207,36.90567129292667,5058.929342382085,3.0282860785721746,3.2021230545733754,95.18695603290506,synthetic_demo_only,SYNTHETIC DEMO DATA — generated by scripts/make_sample_data.py. NOT real sovereign ratings. Do not use for empirical conclusions.,-0.3528286222379874,0.16549644194857155,0.23458655177847157,0.6129738935709922,0.2533376379541692,0.17126918565001142
MEX,Mexico,2004,4.033150969819643,4.157401184888901,105.46731474141191,88.36022127797712,4.171281512418735,2.341203227911514,23.223249310851116,4715.739006990051,3.165384350682718,3.2782810506605484,164.82422459721877,synthetic_demo_only,SYNTHETIC DEMO DATA — generated by scripts/make_sample_data.py. NOT real sovereign ratings. Do not use for empirical conclusions.,-0.20673143639288943,-0.2826462969962941,0.17456511825285972,0.6051549322835277,0.670313906247038,0.23551429879641034
MEX,Mexico,2005,-0.5202206906515636,6.933022384345798,105.0011663892616,90.85536743106881,3.609674890341801,-3.7260053022336432,33.97712978719839,4834.883701222222,3.3759650524518543,0.2936913925206376,113.80452803060729,synthetic_demo_only,SYNTHETIC DEMO DATA — generated by scripts/make_sample_data.py. NOT real sovereign ratings. Do not use for empirical conclusions.,0.4036491794803668,0.0660234607102437,0.4154517536435036,0.33022680029139534,0.7138353595765283,0.2063814437422129
MEX,Mexico,2006,2.215780744072673,5.05267779552699,106.36880908841003,99.76262114827895,6.694575424074596,6.974694236232045,36.0336997840726,6052.176036715347,3.27411462925305,3.0694369121242477,188.9158896087552,synthetic_demo_only,SYNTHETIC DEMO DATA — generated by scripts/make_sample_data.py. NOT real sovereign ratings. Do not use for empirical conclusions.,0.6389332075988553,0.870790154837078,0.19002935037491037,0.6349287069124948,0.4317191920995593,0.8821117320131151
MEX,Mexico,2007,-0.8146847811013687,4.466987236970329,99.79554222532452,79.91054335967179,5.792746791240521,-1.8912062445162672,32.70048410216793,6578.704022320264,3.3185624162329534,-1.4707313382328944,105.37732796757454,synthetic_demo_only,SYNTHETIC DEMO DATA — generated by scripts/make_sample_data.py. NOT real sovereign ratings. Do not use for empirical conclusions.,0.41218377825761626,-0.24486684725468008,0.1503272255732277,0.40745114114578884,0.10953985058956076,0.21080130338485545
MEX,Mexico,2008,0.9431434898879161,2.9951972161152542,97.45589962407516,89.31561285078415,6.160292344447813,-2.993344998162299,21.949014366561933,4417.67233336288,3.3348281906485924,2.3142470478958934,106.99915191047079,synthetic_demo_only,SYNTHETIC DEMO DATA — generated by scripts/make_sample_data.py. NOT real sovereign ratings. Do not use for empirical conclusions.,-0.045661298355883756,0.01992088594243259,0.5597586982414888,0.4616474671744975,0.7846288533729329,0.39691319003123077
MEX,Mexico,2009,0.9552882699089431,6.966872339917856,93.75214939742914,83.72070920557222,4.400475039301886,-0.8490592618080506,34.342185981968115,5176.689481883104,3.5172851688215756,2.934658087544829,108.99152642860562,synthetic_demo_only,SYNTHETIC DEMO DATA — generated by scripts/make_sample_data.py. NOT real sovereign ratings. Do not use for empirical conclusions.,0.1929785596403021,0.33196119758258696,0.6170429568272376,0.438734168929804,0.5533927838878501,0.014905730275426632
MEX,Mexico,2010,1.5051269812379222,9.25367354941529,99.87598705690668,87.59362706466699,5.19268293627345,-0.6232979796153524,40.91619977688056,7190.507865289654,3.610008732743039,1.4756574410010674,167.0652418191626,synthetic_demo_only,SYNTHETIC DEMO DATA — generated by scripts/make_sample_data.py. NOT real sovereign ratings. Do not use for empirical conclusions.,0.4845770108251026,-0.15679526692311174,0.26451200566086475,0.53054798122101,0.29341596029723993,0.4020674532243741
MEX,Mexico,2011,1.0488763241759944,4.069124859862632,106.18385285090952,76.60099540794819,6.645054343275682,-1.3510332408324197,40.128989020626996,7699.9321032496455,3.58670668591433,-3.381351027813266,50.73314583817036,synthetic_demo_only,SYNTHETIC DEMO DATA — generated by scripts/make_sample_data.py. NOT real sovereign ratings. Do not use for empirical conclusions.,0.26992144476922464,0.19319941536182317,0.4407588387946372,1.1262102913896452,0.5487336893829206,1.1339668514119707
MEX,Mexico,2012,1.5987647152319735,5.3314115653256895,94.59854816788386,98.741388624611,7.119076517502412,-4.374529488744541,46.0452408278657,4774.487423091727,3.793542736267475,2.3367399876145587,115.47865312369419,synthetic_demo_only,SYNTHETIC DEMO DATA — generated by scripts/make_sample_data.py. NOT real sovereign ratings. Do not use for empirical conclusions.,0.5589015868887501,0.5440201110617666,0.6493834079616321,0.4890543668693054,0.11399756355236773,0.16780930786260023
MEX,Mexico,2013,-1.0075727876200884,8.413462832039245,80.66718948674739,87.37042586382087,4.26265411607979,3.099862382016995,35.06971100163231,4598.286560646619,3.954275937766932,2.2894201598832606,145.02226923707804,synthetic_demo_only,SYNTHETIC DEMO DATA — generated by scripts/make_sample_data.py. NOT real sovereign ratings. Do not use for empirical conclusions.,0.0037162386268815295,-0.3418649345081468,0.8750382939701147,0.28553266767563446,0.13380881721013166,0.3681204398402619
MEX,Mexico,2014,0.7064714551972056,8.570267121181569,90.33012756381957,75.26862384922059,4.199392609309479,-0.25813950128057306,36.039950607694735,4722.670533377197,4.080513478057845,0.6942911976396416,152.08710361165777,synthetic_demo_only,SYNTHETIC DEMO DATA — generated by scripts/make_sample_data.py. NOT real sovereign ratings. Do not use for empirical conclusions.,0.10084931982872138,-0.11074790086227537,0.47724906442695947,0.2284556721212901,0.17093732701009168,-0.3293530515195153
MEX,Mexico,2015,-0.330328703561791,5.672288768554525,120.66916795311896,92.91976062260028,6.525990706146936,2.8451972954534557,39.10033646881914,4535.477862691913,4.4523847849710085,-3.8740419704503264,133.07936586878893,synthetic_demo_only,SYNTHETIC DEMO DATA — generated by scripts/make_sample_data.py. NOT real sovereign ratings. Do not use for empirical conclusions.,0.17822445823617067,0.4348441405343902,0.6004031597175064,0.42340624644697505,-0.14398964087347865,0.5208875897744304
MEX,Mexico,2016,1.7974723697988801,10.434003560067552,110.43929787163229,98.00215585920895,5.493107780379575,3.060048474169467,37.255953456722445,5520.000561271914,4.190890239457137,2.87471394600057,231.90018766879203,synthetic_demo_only,SYNTHETIC DEMO DATA — generated by scripts/make_sample_data.py. NOT real sovereign ratings. Do not use for empirical conclusions.,-0.05782259973103751,0.3003512567854071,0.4577325132692917,0.9572378991036162,0.8125975375322854,-0.16586520985876374
MEX,Mexico,2017,2.493605383583681,9.288620666960274,116.24715015612057,99.65816522930696,4.303565262939112,1.3406632909752254,24.6363009027744,4132.16244370114,3.9247556474180034,-0.613235812118099,150.87707747829648,synthetic_demo_only,SYNTHETIC DEMO DATA — generated by scripts/make_sample_data.py. NOT real sovereign ratings. Do not use for empirical conclusions.,-0.0736327404807509,-0.0028438868134746664,-0.05601402140828299,0.20051962518697075,0.02862695487450735,-0.4693443095525615
MEX,Mexico,2018,2.518995701040518,4.919919551138939,112.08348041965947,84.58271839868549,4.944491498537788,3.0167573142567266,26.813433294261177,4132.7092063282535,3.634621378103959,-4.945400035960166,91.89221363335157,synthetic_demo_only,SYNTHETIC DEMO DATA — generated by scripts/make_sample_data.py. NOT real sovereign ratings. Do not use for empirical conclusions.,0.06029999442021323,-0.1388273239509708,0.5960921838065731,-0.1449251652377047,0.30840115592332473,0.7836463348757534
MEX,Mexico,2019,2.30801684643348,7.726422048273957,112.35602026830693,88.59193271810187,5.413966654598123,0.5889632813868296,20.809214779740785,4184.779218822045,3.765410229876157,2.7718072595654495,207.33452482494232,synthetic_demo_only,SYNTHETIC DEMO DATA — generated by scripts/make_sample_data.py. NOT real sovereign ratings. Do not use for empirical conclusions.,-0.058511511557074486,0.06775039673626028,0.2774744063026428,0.3563754550130306,0.35500639624894104,0.5078423409307731
MEX,Mexico,2020,3.571210638633585,14.346779675192565,103.01329757458444,92.81439526793085,3.166654958682484,-3.309997330103642,21.511032537352186,3845.361390392588,4.0145977797800665,7.002189941692734,291.31616694394745,synthetic_demo_only,SYNTHETIC DEMO DATA — generated by scripts/make_sample_data.py. NOT real sovereign ratings. Do not use for empirical conclusions.,-0.27945055634733373,-0.5608422008829278,-0.24689273066558243,0.5616949821202072,0.08001654806931055,-0.06830549243561282
MEX,Mexico,2021,4.267291029606226,4.1917361228315215,114.3233154065907,99.47394007813514,4.386048495686372,-3.678000092434477,28.784159797300966,4461.680302460324,3.7837718981362722,1.4505091525533338,153.36373149860987,synthetic_demo_only,SYNTHETIC DEMO DATA — generated by scripts/make_sample_data.py. NOT real sovereign ratings. Do not use for empirical conclusions.,0.5622249066888536,0.18165419980777242,0.17027512852120438,0.3297628677973664,0.38850712071969246,0.49499906803176086
MEX,Mexico,2022,0.5147182104105359,10.351633488850183,103.26253680761187,99.84227505543566,5.497624290628651,0.3553754135164242,23.374003344107102,3831.914088213247,4.028004760827786,-0.34008162136502973,146.23463021252866,synthetic_demo_only,SYNTHETIC DEMO DATA — generated by scripts/make_sample_data.py. NOT real sovereign ratings. Do not use for empirical conclusions.,-0.020526032912067213,-0.23902025488037648,0.4994840483697247,0.015335324107157239,0.5536943630268509,0.31337271817694334
MEX,Mexico,2023,1.6492225545152335,5.160967633544439,100.78464170379188,90.93568394731973,6.636635139772502,0.9755024418994753,38.064281799964746,5795.450025860206,4.508139240246592,-3.898358013651541,207.79279648705952,synthetic_demo_only,SYNTHETIC DEMO DATA — generated by scripts/make_sample_data.py. NOT real sovereign ratings. Do not use for empirical conclusions.,-0.15659765626974953,0.12779799094068472,0.4018373772656304,0.2948860148102526,-0.14681136174141185,-0.12610770652617784
NGA,Nigeria,2000,3.350775511351358,7.373518532155733,129.18757163232448,103.95218550564962,4.092819939904407,0.8313504891910954,28.24619847281555,2369.5086416174245,41.00822715251518,4.773136593536046,289.25474708901675,synthetic_demo_only,SYNTHETIC DEMO DATA — generated by scripts/make_sample_data.py. NOT real sovereign ratings. Do not use for empirical conclusions.,-0.8496976639681271,-0.35059356708771083,-0.38360681728123186,-0.526323544379805,-0.3678540751525623,-0.14717430105063747
NGA,Nigeria,2001,1.415401698921786,9.889299850184164,128.67871066030142,100.0078807008618,0.6934268840455546,0.13306320504783964,21.035400142612964,2573.5833160422517,46.025122856422335,4.120642251608705,401.6520241536902,synthetic_demo_only,SYNTHETIC DEMO DATA — generated by scripts/make_sample_data.py. NOT real sovereign ratings. Do not use for empirical conclusions.,,,-0.17143259499696073,-0.11404219936417134,,0.0413598555404843
NGA,Nigeria,2002,-1.3148918901488291,7.663053436799065,127.2728212129922,86.16334893983506,3.2720382747021026,-1.3735422838265798,36.10901349604894,2359.8765616064284,42.85388028387873,7.2190509657528805,361.5906305361118,synthetic_demo_only,SYNTHETIC DEMO DATA — generated by scripts/make_sample_data.py. NOT real sovereign ratings. Do not use for empirical conclusions.,0.1935615432959959,-0.7033584277082734,-0.6871684226925103,-0.21868962582744575,-0.28183608094157014,-0.6040419202545959
NGA,Nigeria,2003,0.5689567561685396,9.35655020529171,123.72558196793817,111.74038422559586,4.373623046670051,-1.728149745901649,23.17776625290311,2548.8963764801374,45.11126084166535,2.7043362397884385,313.69089509542397,synthetic_demo_only,SYNTHETIC DEMO DATA — generated by scripts/make_sample_data.py. NOT real sovereign ratings. Do not use for empirical conclusions.,-0.44498469292106496,-0.7187566286278301,-0.9483683942030006,-0.18776095718405947,-0.517158387196126,-0.6933011713834596
NGA,Nigeria,2004,-2.7606656986963904,10.775414026872264,128.58074401232085,89.870679946301,3.174147138512949,-2.754946667526525,23.956676112904365,2596.1402706168215,42.0462547177959,3.8148036368811002,850.409333401825,synthetic_demo_only,SYNTHETIC DEMO DATA — generated by scripts/make_sample_data.py. NOT real sovereign ratings. Do not use for empirical conclusions.,-0.12485056711125306,-0.17779196541046516,-0.476297513532446,0.1580169266573551,-0.5163153161179622,0.13780679613983943
NGA,Nigeria,2005,-1.474681236232196,,134.16025265559318,102.73803730634874,4.057603165815253,-0.7779455291479611,26.400909275554017,2266.8343497353867,41.970832573236315,-2.219064805604069,341.40306863223867,synthetic_demo_only,SYNTHETIC DEMO DATA — generated by scripts/make_sample_data.py. NOT real sovereign ratings. Do not use for empirical conclusions.,-0.5129554937551193,-0.4166457991091591,-0.32809032966468893,-0.5102616457082775,-0.7036732516572768,-0.33825059155147713
NGA,Nigeria,2006,2.106797734913782,9.600719461058072,,114.11506432988375,4.711551492527856,-1.019353874508698,11.284258678346106,2584.853047682526,45.285226444623916,2.582101757939043,1098.1570530279002,synthetic_demo_only,SYNTHETIC DEMO DATA — generated by scripts/make_sample_data.py. NOT real sovereign ratings. Do not use for empirical conclusions.,-0.37050566749837377,-0.5301364478782415,-0.13438048248510656,-0.4164983525391086,-0.15409669607599918,-0.09464286703338753
NGA,Nigeria,2007,-0.8164972739881482,7.17483213770932,124.81811186748816,100.03091589490272,2.5439912793206823,-1.8260665290654927,20.012537181632645,1598.7468846091779,44.62549200188455,2.382286751902241,1006.0807005181515,synthetic_demo_only,SYNTHETIC DEMO DATA — generated by scripts/make_sample_data.py. NOT real sovereign ratings. Do not use for empirical conclusions.,-0.32292029119986526,-1.056809569868376,-0.40169038706633,-0.07527303147606361,-0.28153091055124607,-0.5136535718238608
NGA,Nigeria,2008,-0.18630635746234991,8.019586623705402,113.842082274842,113.3572973941002,3.9004808350789144,-2.8300530211129056,24.472252131569334,2561.7489255477044,44.61104852938822,2.7488591136117586,480.33639920696385,synthetic_demo_only,SYNTHETIC DEMO DATA — generated by scripts/make_sample_data.py. NOT real sovereign ratings. Do not use for empirical conclusions.,-0.820326711953445,-0.6743103986334502,-0.21083902205956495,-0.2967197252449831,-0.49305876564290707,-0.4245028305749474
NGA,Nigeria,2009,2.454235280218481,12.23835849445265,124.2801257491877,97.00681978978604,3.4176619349965778,-1.2097603541798891,36.72864616469856,2584.6684233559386,47.29829993566314,5.069773090188919,318.9994401887739,synthetic_demo_only,SYNTHETIC DEMO DATA — generated by scripts/make_sample_data.py. NOT real sovereign ratings. Do not use for empirical conclusions.,0.061442151052112065,-0.8824613074822748,0.6240406164139007,-0.6083686729217677,-0.09777600011957865,0.3084364423027373
NGA,Nigeria,2010,-0.011667603751289835,9.306382445250009,125.78740530078183,88.36161216734844,4.935117769415135,0.18356218876163438,29.449904630325534,2808.1420049587177,47.42389696817157,-1.2537553308233642,346.54605855370494,synthetic_demo_only,SYNTHETIC DEMO DATA — generated by scripts/make_sample_data.py. NOT real sovereign ratings. Do not use for empirical conclusions.,-0.3431691062036445,-0.44438491231512667,0.645468256134992,0.14582373123351203,0.30570347294852696,0.2790574828008283
NGA,Nigeria,2011,1.0933926310830115,9.465953405168536,118.05743593565637,94.76429824480465,6.554897342325431,0.3268171837502077,30.305770840628853,3568.0672457713367,41.07210664806195,-2.2570801829160514,369.10020669577847,synthetic_demo_only,SYNTHETIC DEMO DATA — generated by scripts/make_sample_data.py. NOT real sovereign ratings. Do not use for empirical conclusions.,0.4214449701544209,-0.13463726155474548,-0.10894720638462829,0.4651508690915409,0.29613874088202413,0.33946220259276494
NGA,Nigeria,2012,-1.7027616630641766,3.6411712070145263,110.89817752343372,93.07311322794641,4.765081262977951,-0.8795848401045849,34.85981597765205,3560.9514197263907,47.2328957748044,3.5847707544391296,232.32504099577218,synthetic_demo_only,SYNTHETIC DEMO DATA — generated by scripts/make_sample_data.py. NOT real sovereign ratings. Do not use for empirical conclusions.,0.07545651403768444,0.0887438239818597,0.6144170396618273,0.2631394210216022,-0.04884641027269304,0.11214743203638786
NGA,Nigeria,2013,-0.2944924110233602,7.532989665917129,109.71863021556088,101.24429858486482,3.7509925817417136,-0.7628462173547348,25.33264992122908,3663.6126545540005,48.856972178145504,-0.8767571675743802,457.78583703689714,synthetic_demo_only,SYNTHETIC DEMO DATA — generated by scripts/make_sample_data.py. NOT real sovereign ratings. Do not use for empirical conclusions.,0.1809017322392421,-0.2526464028552072,-0.07231116691786256,-0.3689556804713502,0.03237700813649401,-0.062415560130180014
NGA,Nigeria,2014,1.2528920915112849,9.853156494368388,104.48008201702976,105.93777856644635,4.160259043543023,2.925844559154217,19.857933668812226,2226.5118450462046,50.79840581782986,-0.7707427706315335,439.0783956127234,synthetic_demo_only,SYNTHETIC DEMO DATA — generated by scripts/make_sample_data.py. NOT real sovereign ratings. Do not use for empirical conclusions.,-0.4799140583708714,-0.7161238019489058,-0.502833129143137,0.3266144810954036,-0.32458179787868724,-0.6929464835551311
NGA,Nigeria,2015,-0.20921580563792574,8.787952423001922,111.92638397011383,94.73092651719605,5.3236230499047785,0.9915251197449287,27.811215291264887,2433.464092618938,54.25921571469436,-2.6951301950721493,312.0632862475852,synthetic_demo_only,SYNTHETIC DEMO DATA — generated by scripts/make_sample_data.py. NOT real sovereign ratings. Do not use for empirical conclusions.,0.3514994902399684,-0.09045786638019965,-0.1176837251223586,-0.6971903493857199,0.19065518825016736,0.5132105888792289
NGA,Nigeria,2016,-1.8459071442141488,5.94071868605635,144.81150368276997,101.20616709077767,,-4.0268395468374605,23.706882298226535,2011.2790951596946,56.38126497703248,2.3959356669902605,1092.2482837489397,synthetic_demo_only,SYNTHETIC DEMO DATA — generated by scripts/make_sample_data.py. NOT real sovereign ratings. Do not use for empirical conclusions.,0.23805411875820204,-0.24471398456611193,0.27427351470041456,-1.0830300414357192,-0.4748746220293822,-0.7050429581854867
NGA,Nigeria,2017,1.3817598283190973,10.153132050403562,127.48706757087758,88.68827249826549,4.34552993040896,-0.2375390806729506,23.024861281863547,2248.018638258012,57.21713570842355,-1.049267009096225,629.7571446374867,synthetic_demo_only,SYNTHETIC DEMO DATA — generated by scripts/make_sample_data.py. NOT real sovereign ratings. Do not use for empirical conclusions.,-0.5064005329423888,-0.37944313466239254,0.08248692323205063,0.035255464690657115,-0.6410677142451406,0.003482359030475085
NGA,Nigeria,2018,-2.1164154709688554,8.634125621683815,126.30156085165486,98.97705913510494,2.8096644356775706,-4.4000390449705975,34.726197140485226,1852.9543110750776,55.30342046802163,7.602666241189989,395.5452486026606,synthetic_demo_only,SYNTHETIC DEMO DATA — generated by scripts/make_sample_data.py. NOT real sovereign ratings. Do not use for empirical conclusions.,-0.07243414723948713,-0.6997957287092247,-0.47118923356731135,0.6277756135162416,-0.2797696953834715,-0.2972303124185679
NGA,Nigeria,2019,0.10933701970923554,8.413911127760354,116.25597952961502,104.34816517256667,3.341494474950989,-3.3910223347445108,32.25529635754641,3088.458542384699,51.74832232440696,4.2179798435354705,397.736487762524,synthetic_demo_only,SYNTHETIC DEMO DATA — generated by scripts/make_sample_data.py. NOT real sovereign ratings. Do not use for empirical conclusions.,0.2568667787543216,0.08994839500589058,0.16492398774394082,0.4052367669662215,0.47885322737670544,-0.2997853640097476
NGA,Nigeria,2020,-0.5638810137309386,10.994479440880939,120.70326926503034,87.77443989251938,4.453709265610386,-6.338207012758367,23.42939287734448,1234.0590036708054,53.96308828863816,2.7037719713233774,780.6457863888988,synthetic_demo_only,SYNTHETIC DEMO DATA — generated by scripts/make_sample_data.py. NOT real sovereign ratings. Do not use for empirical conclusions.,-0.09797546707628829,-1.2157667221787802,-0.587306131594524,-0.33127233028550335,-0.20798099846201992,-0.4643339826464996
NGA,Nigeria,2021,0.20741805752990095,6.932827210615413,119.15921215513646,114.4781926087836,3.38321120325497,0.29123222626401424,24.2847077997553,2858.0732921203025,58.58114975078769,5.227334922713581,453.9744211663377,synthetic_demo_only,SYNTHETIC DEMO DATA — generated by scripts/make_sample_data.py. NOT real sovereign ratings. Do not use for empirical conclusions.,-0.40357567057320365,-0.4185799526732079,0.02574348328529378,-0.21362324102419897,-0.1182927796599685,-0.23937624035377975
NGA,Nigeria,2022,-0.6388873835894519,4.037692089703249,108.91797439584121,99.32776018087073,1.0562131725979418,-2.1353919232795353,26.344277220354464,2273.5880454997746,65.27450022283037,6.259895035070863,424.09880947405713,synthetic_demo_only,SYNTHETIC DEMO DATA — generated by scripts/make_sample_data.py. NOT real sovereign ratings. Do not use for empirical conclusions.,0.17233371880896683,-0.4839805735765452,-0.01640230934772806,-0.022926272192900533,-0.3519317506631439,0.007606523176779206
NGA,Nigeria,2023,0.6999971183735438,3.8763678827631267,123.80567461908882,112.96423638977498,2.931202846184692,-1.9688635339450675,17.863627381441507,1882.0706092262392,61.53296757506138,5.922816171201827,420.69191960441907,synthetic_demo_only,SYNTHETIC DEMO DATA — generated by scripts/make_sample_data.py. NOT real sovereign ratings. Do not use for empirical conclusions.,0.053697581556295115,-0.20056773939531702,-0.14585525973385333,-0.181376343475875,-0.027405164088862316,-0.4623309388147125
RUS,Russian Federation,2000,-0.25893196445447453,9.88318378354843,113.47730374210018,82.09242098850804,3.0296042193100448,1.999267940828827,25.70720331088372,4186.857269743632,1.067778587113916,-1.1336476206857342,349.8951870512165,synthetic_demo_only,SYNTHETIC DEMO DATA — generated by scripts/make_sample_data.py. NOT real sovereign ratings. Do not use for empirical conclusions.,,,0.23097343056630826,-0.4588048099734167,-0.09003957555355666,
RUS,Russian Federation,2001,0.9587125193416363,10.808426365124687,116.62826053718183,98.80436847219346,5.411907540374534,-1.8292145334956333,21.743950399294427,2573.0297869627343,1.131149811223796,6.597251841669426,303.3839371476894,synthetic_demo_only,SYNTHETIC DEMO DATA — generated by scripts/make_sample_data.py. NOT real sovereign ratings. Do not use for empirical conclusions.,-0.5548800548030354,,0.8043103300549914,,,
RUS,Russian Federation,2002,-0.18078726385124444,9.377666071793612,109.9608372570136,107.76829788827173,3.2685673214038693,-3.283419185207544,29.862075278396286,3026.282263140429,1.217502173822674,0.889107874604089,221.10206967912478,synthetic_demo_only,SYNTHETIC DEMO DATA — generated by scripts/make_sample_data.py. NOT real sovereign ratings. Do not use for empirical conclusions.,0.1383879405685967,0.010733936914660236,0.08577921265704075,0.2643659831866713,0.1829090041476253,0.11891811978676595
RUS,Russian Federation,2003,-1.2845602974685701,8.690683944252516,121.22902160621761,100.9972150235608,4.1846480928408,-4.843060456816023,25.289143396502915,3526.9396727708627,1.2554720848216576,2.739465287396952,572.0988244217018,synthetic_demo_only,SYNTHETIC DEMO DATA — generated by scripts/make_sample_data.py. NOT real sovereign ratings. Do not use for empirical conclusions.,-0.03422399234212831,-0.14819613644718127,-0.042658314417220566,-0.09539026010881753,0.19179439261963893,0.1419470449609661
RUS,Russian Federation,2004,-0.9524024865954356,10.48346676526675,,106.45326517243362,2.0835635716784897,0.9451855935888046,22.525722558125185,3412.7487512297935,1.3739783114246824,4.31970030823732,569.8365342972268,synthetic_demo_only,SYNTHETIC DEMO DATA — generated by scripts/make_sample_data.py. NOT real sovereign ratings. Do not use for empirical conclusions.,-0.3221816216907972,-0.5873994276086791,0.4345958523214346,0.3500598018459789,0.21784518771669886,-0.6878360495086606
RUS,Russian Federation,2005,2.3181280811052787,8.793388064847672,117.21980143293868,89.1184054835525,3.9643249225632964,-3.129676739315122,11.891435110145917,2333.8745631312618,1.3588570235646897,3.889445624642539,384.72293154907936,synthetic_demo_only,SYNTHETIC DEMO DATA — generated by scripts/make_sample_data.py. NOT real sovereign ratings. Do not use for empirical conclusions.,0.14187241915032747,-0.6617391143142618,0.17403304505426712,0.0743701986701544,0.2088026742217991,0.07207668165650091
RUS,Russian Federation,2006,0.9826174812550079,11.37470954618762,,97.84744117170891,4.340569948899513,3.3253512978024027,32.59172831078307,3344.2498740510314,1.4983910638315536,2.308640702282771,393.0139985675963,synthetic_demo_only,SYNTHETIC DEMO DATA — generated by scripts/make_sample_data.py. NOT real sovereign ratings. Do not use for empirical conclusions.,-0.20733000145292396,-0.5903195692748455,0.021564960833219626,-0.534454909770528,0.17550840422270536,0.18471397545315515
RUS,Russian Federation,2007,0.8956763660110076,10.308995088519488,109.09908441727006,84.33506828909468,3.92386731388354,2.5886317727268486,31.89967849924998,3850.3061122509353,1.5664971062018218,5.856840209630971,325.61302812517897,synthetic_demo_only,SYNTHETIC DEMO DATA — generated by scripts/make_sample_data.py. NOT real sovereign ratings. Do not use for empirical conclusions.,0.019392791422422853,-0.05712300477866722,0.19183047786477617,0.09190472326117405,-0.05253092494481438,-0.2285287349980883
RUS,Russian Federation,2008,2.457482942602116,10.8897798200036,110.0096057351871,98.58264510045214,5.3626504122043785,-1.297373485501311,24.44711612256249,3003.3891453070505,1.6397619516646829,2.3663651402056707,190.98108601696563,synthetic_demo_only,SYNTHETIC DEMO DATA — generated by scripts/make_sample_data.py. NOT real sovereign ratings. Do not use for empirical conclusions.,-0.08739293763998705,-0.35677426374991666,-0.31748364737519724,0.23043494830625844,0.3294222135561724,0.27657539008741644
RUS,Russian Federation,2009,-1.1004138610204262,4.401871432192919,126.46260382626451,119.31866834919454,3.312054529275421,-1.3760083137446069,31.80104711458939,2719.9808861992856,1.8552624677821035,-2.348067830342636,237.7998040184854,synthetic_demo_only,SYNTHETIC DEMO DATA — generated by scripts/make_sample_data.py. NOT real sovereign ratings. Do not use for empirical conclusions.,-0.13873779958822263,-0.21182192860501417,0.02694568469641414,-0.05867134630325108,-0.11479413371909886,-0.7022041369699514
RUS,Russian Federation,2010,-0.49130570496312753,10.92124730808378,130.40571099030572,84.4409339672033,3.245431532045007,-3.8270194157804807,20.250887806426107,3129.48441544044,2.101465157933673,1.1798061649784566,197.6312686715721,synthetic_demo_only,SYNTHETIC DEMO DATA — generated by scripts/make_sample_data.py. NOT real sovereign ratings. Do not use for empirical conclusions.,-0.04874106062851512,-0.3689745226329717,-0.24092690817287848,0.18379028973008926,0.44694122237732536,0.021664833985732462
RUS,Russian Federation,2011,2.770233751503204,7.4583581317116785,111.54633180789735,96.2160274771645,6.197886069817363,-4.438518398188625,23.04490617561511,3230.321778417541,2.0166536715101904,3.103447292070859,571.4549015208822,synthetic_demo_only,SYNTHETIC DEMO DATA — generated by scripts/make_sample_data.py. NOT real sovereign ratings. Do not use for empirical conclusions.,-0.26492493479728824,-0.5781506825485421,0.018845033749235157,-0.3345430792920025,0.4779507288886052,0.637319180391523
RUS,Russian Federation,2012,0.60749771921549,9.855006597822385,100.28602784467759,88.91573613330425,5.002856470528476,-1.9747767284732163,33.30736835125834,3983.125639706797,2.1316490704487663,1.1311498095069532,201.7222726383084,synthetic_demo_only,SYNTHETIC DEMO DATA — generated by scripts/make_sample_data.py. NOT real sovereign ratings. Do not use for empirical conclusions.,-0.21931256417147296,0.16476270312027924,0.2600364664120967,0.027633410540215883,0.08175515523080139,-0.5449400853367367
RUS,Russian Federation,2013,1.9368985734380706,4.71997852946096,112.33957084494652,105.49871081186822,2.4650014872930637,1.7250161918067388,32.83688688915324,3073.6823342597113,2.341782408283717,6.654893541828269,209.6159669597876,synthetic_demo_only,SYNTHETIC DEMO DATA — generated by scripts/make_sample_data.py. NOT real sovereign ratings. Do not use for empirical conclusions.,0.11694241523006008,-0.31715946719471705,-0.04660862217170264,-0.09651686505715693,-0.09206350429527457,-0.4033906577161214
RUS,Russian Federation,2014,-0.03331224679560274,14.057286914736338,148.19574780974517,103.39282982812587,2.550322870637636,-6.598066925331922,17.098780065032727,2028.5984007144673,2.276721974376871,-0.019630903586334902,840.5272060693586,synthetic_demo_only,SYNTHETIC DEMO DATA — generated by scripts/make_sample_data.py. NOT real sovereign ratings. Do not use for empirical conclusions.,-0.6760557147644528,-1.346902534477544,-0.6839584138955817,-0.5032201195056047,-1.0367974487384635,-0.27078146406408793
RUS,Russian Federation,2015,-2.4119429035015685,8.840877897685191,132.82734951415677,120.38011739333103,1.0505512245294555,1.6531619480191826,28.236762541001397,1576.7424923340127,2.385684229271656,0.5063013191817047,1581.6118497842829,synthetic_demo_only,SYNTHETIC DEMO DATA — generated by scripts/make_sample_data.py. NOT real sovereign ratings. Do not use for empirical conclusions.,-0.7811057371476732,-0.8312135756440883,-1.0097807951180164,-0.5195648721991005,-0.4665685878328584,-0.9204267342716362
RUS,Russian Federation,2016,1.573057092798733,6.852961098099027,130.28941696856964,106.92161901248342,3.6471281331784455,-1.5848598817157917,36.9961335007706,3425.2240879211245,2.3803377022305208,2.407317016851613,187.00976069439764,synthetic_demo_only,SYNTHETIC DEMO DATA — generated by scripts/make_sample_data.py. NOT real sovereign ratings. Do not use for empirical conclusions.,0.24894357534634395,-1.2778101456378397,-0.04414099239993076,-0.38467531014400175,-0.052579853433567025,-0.39499605928592374
RUS,Russian Federation,2017,-1.982372570654117,9.604463306268572,103.52679482657834,95.76782566759593,2.6540638759218536,-0.13229857989017568,22.470375972006085,1740.4526878403833,2.5341024664826035,3.476332195740154,343.2455667928165,synthetic_demo_only,SYNTHETIC DEMO DATA — generated by scripts/make_sample_data.py. NOT real sovereign ratings. Do not use for empirical conclusions.,-0.29480040101132293,-0.5335570077816114,-0.04571853179234538,0.25451822377851263,0.0762762164529718,-0.5553518117177929
RUS,Russian Federation,2018,3.8368966177423656,11.413602802959321,134.49575533834226,100.70680236158069,3.7280515030420265,0.27312667128161294,29.26345775669199,2726.188680584783,2.567404259396813,3.384059494845135,515.2341981980262,synthetic_demo_only,SYNTHETIC DEMO DATA — generated by scripts/make_sample_data.py. NOT real sovereign ratings. Do not use for empirical conclusions.,-0.2509011317142272,-0.8320187579330374,-0.0076981010803014865,-0.4023244474635874,-0.31425750552755194,0.10807246637701029
RUS,Russian Federation,2019,3.14376273339141,13.63907384492046,117.53151724179794,93.14533274167401,3.2791430176953993,-3.0439766488935645,30.920478730446668,2861.1315330006437,2.667833121357878,7.369161057925028,474.23959806686446,synthetic_demo_only,SYNTHETIC DEMO DATA — generated by scripts/make_sample_data.py. NOT real sovereign ratings. Do not use for empirical conclusions.,-0.4793798030203271,0.21743769636970156,-0.1965999557639831,-0.30644329194599884,-0.23729841144416347,-0.12712390009528354
RUS,Russian Federation,2020,3.1879221397918744,11.254881352635563,123.46325429061858,99.29461980373698,4.444494101035956,-1.2108159961579819,27.600181007986784,1946.9653053289423,2.719400515969539,-0.9131613746777321,354.33585300977086,synthetic_demo_only,SYNTHETIC DEMO DATA — generated by scripts/make_sample_data.py. NOT real sovereign ratings. Do not use for empirical conclusions.,-0.31768910013477103,-0.2918019798588707,-0.27704197767411665,-0.3015500411829892,-0.03644564906312525,0.016070435016163648
RUS,Russian Federation,2021,2.17422356852451,10.185803708824032,113.49469331056365,92.8113032864136,1.8980953072563775,3.005686710309959,34.20547629018856,2827.1743517050813,2.7627600443751374,1.7465332804853047,477.07003173260495,synthetic_demo_only,SYNTHETIC DEMO DATA — generated by scripts/make_sample_data.py. NOT real sovereign ratings. Do not use for empirical conclusions.,-0.29071069226450946,-0.03491064398566773,0.3421013610687713,-0.508861688323984,-0.030056294428322222,-0.33510563483895717
RUS,Russian Federation,2022,-1.9949189912567522,7.94036646242273,140.19947680317443,122.3402466240193,0.9318410048020755,-3.2151128742177075,15.342052965669051,1081.3877754750763,2.834352427322551,2.8289486188023707,2174.931318360506,synthetic_demo_only,SYNTHETIC DEMO DATA — generated by scripts/make_sample_data.py. NOT real sovereign ratings. Do not use for empirical conclusions.,-0.5167663200517572,-0.43573159675956974,-1.2677153351156796,-0.49125537648940587,-0.13769419327638655,-0.2583933701955018
RUS,Russian Federation,2023,0.2658377244214077,8.697990443941903,128.47494148338288,120.35665611477583,1.9056546670203314,-1.5859867437578372,19.807331088259996,2307.3721352271873,2.9849181143160064,4.681895271581457,682.4501689709978,synthetic_demo_only,SYNTHETIC DEMO DATA — generated by scripts/make_sample_data.py. NOT real sovereign ratings. Do not use for empirical conclusions.,0.03914934854317814,-0.2275512456293779,-0.48087192805189855,0.2853465641537034,-0.6355344710444495,-0.7192026226600243
TUR,Turkiye,2000,-0.4683164880387579,9.672481341672992,119.46642923553001,91.95907592177437,2.728123765924475,-4.536085134423071,24.67193998744684,2500.753284269023,73.43513420236627,0.09158654605393446,441.93764212344547,synthetic_demo_only,SYNTHETIC DEMO DATA — generated by scripts/make_sample_data.py. NOT real sovereign ratings. Do not use for empirical conclusions.,0.029915237306708364,-0.06960790273782536,0.5140440009667938,-0.013130186742232097,,0.05926172430941806
TUR,Turkiye,2001,3.3048506215226485,12.261695306586109,122.89446219791672,90.7919045588352,1.3930594612448473,-2.308360760455341,34.14213460541955,3204.493245011055,81.88632592438157,1.7373758877458907,321.6729246761111,synthetic_demo_only,SYNTHETIC DEMO DATA — generated by scripts/make_sample_data.py. NOT real sovereign ratings. Do not use for empirical conclusions.,,,-0.13014859914733307,-0.19677112718923495,,0.28242310488655986
TUR,Turkiye,2002,-3.332256526607489,6.753349797586367,133.28268481846325,100.46075285818463,3.238063487722344,-1.7851215022489177,34.09148836293981,2866.9856085477877,81.01686343840757,7.958045660854967,594.6892527560209,synthetic_demo_only,SYNTHETIC DEMO DATA — generated by scripts/make_sample_data.py. NOT real sovereign ratings. Do not use for empirical conclusions.,0.38497987171038595,-0.89802028433965,-0.180455083944904,-0.6933792268382062,-0.44570756377675264,0.03685970668341501
TUR,Turkiye,2003,-1.8503848220253984,8.083722384321138,103.97371957377476,102.24429824851899,5.25881502107506,3.2297089824802274,,2644.0613469645677,79.91636616504437,2.302873281460695,791.1309056496139,synthetic_demo_only,SYNTHETIC DEMO DATA — generated by scripts/make_sample_data.py. NOT real sovereign ratings. Do not use for empirical conclusions.,-0.45430589361330187,0.006976174432418991,-0.021286616082704643,-0.23859109770349882,0.5986197016221546,-0.07124027936282575
TUR,Turkiye,2004,1.6425375530376174,9.421147324554989,120.88620717005419,78.85635494360005,3.2197696668263975,-0.3561040280297262,33.80942852821018,2134.1579124876175,78.71202922905634,4.065107720281249,205.1791957730752,synthetic_demo_only,SYNTHETIC DEMO DATA — generated by scripts/make_sample_data.py. NOT real sovereign ratings. Do not use for empirical conclusions.,-0.20099668309221602,-0.010540686659276044,-0.20498384468874056,0.026245155154712763,-0.2892863078472341,-0.15997852270843144
TUR,Turkiye,2005,4.114344896068362,8.843016774553863,110.69746272312044,89.88549330626964,3.8235667851915927,1.1845458436569953,26.25919918318413,2235.3946953724453,82.16286056600151,6.153716951848775,365.4301131524372,synthetic_demo_only,SYNTHETIC DEMO DATA — generated by scripts/make_sample_data.py. NOT real sovereign ratings. Do not use for empirical conclusions.,-0.13909396066659702,-0.8206762845744653,0.2444636511994656,0.1127589310159533,0.27469601740224653,-0.010041499481338007
TUR,Turkiye,2006,-0.07589001705200077,10.19070703700736,,90.78038402104838,3.588777939573958,4.1254826967536165,24.988849857373765,1831.4266017472025,89.65943311736082,1.1644028350530915,355.4409107764637,synthetic_demo_only,SYNTHETIC DEMO DATA — generated by scripts/make_sample_data.py. NOT real sovereign ratings. Do not use for empirical conclusions.,0.012639316487810998,-0.9532983950716114,-0.4205945402197513,-0.1669192350247339,-0.4662740755956303,-0.008720725165675763
TUR,Turkiye,2007,-0.2855364458588396,8.629885337502467,116.3152584496689,111.49009499705907,4.830304890797781,-5.013013295232396,28.060415799930503,2149.550539632154,95.34327876379875,5.199275037731538,306.97675937293684,synthetic_demo_only,SYNTHETIC DEMO DATA — generated by scripts/make_sample_data.py. NOT real sovereign ratings. Do not use for empirical conclusions.,-0.37940558556661824,-0.07470584077280007,-0.5066341706858221,-0.18629539259436775,0.06869994470469451,-0.5827118959063227
TUR,Turkiye,2008,-1.4726630523188509,8.89017878184444,137.890890567265,88.53581270929402,4.366982629254466,-3.9642157620681324,34.0063670468628,2330.204585604068,99.41431849096173,5.45651378391144,1004.1602803946727,synthetic_demo_only,SYNTHETIC DEMO DATA — generated by scripts/make_sample_data.py. NOT real sovereign ratings. Do not use for empirical conclusions.,-0.021887569311975386,-0.7009122876826692,-0.20741052599877013,-0.33406251506800644,0.19819829366036854,-0.03771384819604778
TUR,Turkiye,2009,2.1562866328419714,5.6144305528388845,113.31229224942908,94.0989182229231,2.8755711497073206,-2.9838711339287163,26.225206572715503,2594.743735527394,101.03485360700836,0.18774251718536172,260.1372465553434,synthetic_demo_only,SYNTHETIC DEMO DATA — generated by scripts/make_sample_data.py. NOT real sovereign ratings. Do not use for empirical conclusions.,-0.10817444225626917,-0.6792934405163731,0.3009242622579401,-0.12627249364369555,-0.4944045517159126,0.039875312370984184
TUR,Turkiye,2010,-1.4664497936299488,9.135638066760395,124.8298769992841,102.3729705170217,2.9122116444448727,-3.038659732929254,32.89202243097065,2481.7233156767134,97.90642338704257,0.5972037484032331,918.1748158005,synthetic_demo_only,SYNTHETIC DEMO DATA — generated by scripts/make_sample_data.py. NOT real sovereign ratings. Do not use for empirical conclusions.,-0.36936762705753645,-0.6256039454870036,0.11049914656065055,-0.17057426919423202,-0.10624524206413573,-0.5862048778133905
TUR,Turkiye,2011,2.4307885330803365,5.044527076858431,136.85503669929398,107.38961047265153,2.9673569932569874,-1.8954975420782354,27.117312046820125,2778.2522786503664,103.52606517022721,-2.2047425066438233,154.3311888190258,synthetic_demo_only,SYNTHETIC DEMO DATA — generated by scripts/make_sample_data.py. NOT real sovereign ratings. Do not use for empirical conclusions.,-0.5687276872441973,-0.3914768570422977,0.2943426075757002,-0.35660960167518285,-0.17162651779622293,-0.6242572990002895
TUR,Turkiye,2012,1.6517765679627576,8.407737155571452,104.20919394984874,83.3061104173106,4.6115596765026465,-2.2881224807638585,33.10657098897259,2243.59234958722,96.29842542681997,0.6489301487092745,170.9418014957392,synthetic_demo_only,SYNTHETIC DEMO DATA — generated by scripts/make_sample_data.py. NOT real sovereign ratings. Do not use for empirical conclusions.,-0.6240309288006907,-0.9476387389785438,-0.1545063341906925,-0.030571539526167826,0.02535767201590397,-1.0196484254700184
TUR,Turkiye,2013,1.260640708342781,7.024919113004273,130.9743742283742,91.05594343004392,3.856829826190062,4.635451911486084,32.952168651297406,2365.1256073648856,91.33850536042883,-4.725181800173225,585.0655193932638,synthetic_demo_only,SYNTHETIC DEMO DATA — generated by scripts/make_sample_data.py. NOT real sovereign ratings. Do not use for empirical conclusions.,-0.5524352631041844,-0.1540337902565097,0.408463781420497,-0.37334843036094256,-0.23111037708666568,0.18152371364500208
TUR,Turkiye,2014,-0.8613948779661202,7.049371075145295,109.01847087089206,103.82915730054458,4.024176522978568,2.7791586576972205,31.09395725099831,3923.940919891775,86.73773420709841,1.2464727048681454,308.7392907915966,synthetic_demo_only,SYNTHETIC DEMO DATA — generated by scripts/make_sample_data.py. NOT real sovereign ratings. Do not use for empirical conclusions.,-0.153413384838328,-0.18848908130710978,-0.05967304564436733,0.17740949736482314,0.43669607170028396,0.22478805393831186
TUR,Turkiye,2015,4.841422021992198,13.827672743696631,112.17057718315291,102.15321996582419,4.246761399995803,-3.2568580988594658,16.411424237084056,3084.3380048287318,84.69393376848923,3.392849637121207,475.6507335933158,synthetic_demo_only,SYNTHETIC DEMO DATA — generated by scripts/make_sample_data.py. NOT real sovereign ratings. Do not use for empirical conclusions.,-0.00228358566086595,-0.15099252891932322,0.5253409200975048,0.43454863774653857,0.029580991983538453,-0.7967773242510636
TUR,Turkiye,2016,2.3759474057912513,8.810055295837824,126.64203501173729,94.37227240657784,4.63361218107368,-4.829813667638076,29.07901042547699,2764.720705767214,94.33639670092944,-1.5786964831356562,849.5005013794492,synthetic_demo_only,SYNTHETIC DEMO DATA — generated by scripts/make_sample_data.py. NOT real sovereign ratings. Do not use for empirical conclusions.,-0.29158582128690697,-0.4016753589727562,-0.32085262415368887,-0.6772326407278353,0.2233659154551014,-0.41017227296226666
TUR,Turkiye,2017,1.7843444266065118,10.949229496949009,114.20530631940449,76.49410809169368,2.140459108126236,1.678048359648121,24.700712846876712,2971.288239536029,93.72765235649555,-2.168925450662978,203.24175668723842,synthetic_demo_only,SYNTHETIC DEMO DATA — generated by scripts/make_sample_data.py. NOT real sovereign ratings. Do not use for empirical conclusions.,-0.6573424723747857,-0.47442043614241125,-0.13886805932735402,0.3186438447691178,0.06396129615679816,0.5432759920294268
TUR,Turkiye,2018,0.03684792736037629,8.669369478896902,133.06252905451848,112.61674544618526,3.0041540667744364,-1.2954715050561052,22.09762033289779,1958.8960057669535,106.67501613555261,2.53028594129305,763.0075215358992,synthetic_demo_only,SYNTHETIC DEMO DATA — generated by scripts/make_sample_data.py. NOT real sovereign ratings. Do not use for empirical conclusions.,-0.2799189997732374,-0.3916267617502592,-0.2945288784884558,-0.006348274313008051,-0.7917105072206003,-0.712934029974077
TUR,Turkiye,2019,0.7733923144547968,7.8228401828701095,119.88406821791082,106.26003961208606,3.097194471743353,-1.5223137796090351,41.019967582079914,2708.5454553257173,115.3606888127274,2.8685122850501825,341.52721579521045,synthetic_demo_only,SYNTHETIC DEMO DATA — generated by scripts/make_sample_data.py. NOT real sovereign ratings. Do not use for empirical conclusions.,-0.0896119589808452,-0.5229906860817721,0.2263826809242102,-0.05659204979347498,-0.016447689333107293,0.3896833429596696
TUR,Turkiye,2020,0.10684747516873802,7.734377828098856,108.80361573076999,102.79144005561544,2.886609662588857,0.540906227426984,23.95224079135072,2589.4288722289616,113.37753810983162,1.0364132401093702,438.8047640701183,synthetic_demo_only,SYNTHETIC DEMO DATA — generated by scripts/make_sample_data.py. NOT real sovereign ratings. Do not use for empirical conclusions.,-0.08320979366147727,-0.4927033669577564,-0.3357242185374021,-0.23790002179094763,-0.4545616764519834,-0.4106850065207636
TUR,Turkiye,2021,0.06860210144903856,8.972173819857368,112.91818108926904,85.41149320372216,3.558208524273703,-0.811008592696749,32.456960696486675,2701.7031548154614,118.64595820179723,5.7780210638674525,395.2832997738007,synthetic_demo_only,SYNTHETIC DEMO DATA — generated by scripts/make_sample_data.py. NOT real sovereign ratings. Do not use for empirical conclusions.,-0.2310981296804142,-0.7081002780004902,-0.11647852742132016,-0.18242243244728212,-0.09748254025303937,-0.25274950614250646
TUR,Turkiye,2022,1.6768208051390836,11.00242768181959,108.15720542055811,90.39459553973077,2.56838510975696,-0.6704151575582649,27.167523797250617,2854.948340435577,115.29437946574255,-1.9071753469216661,202.07477877895815,synthetic_demo_only,SYNTHETIC DEMO DATA — generated by scripts/make_sample_data.py. NOT real sovereign ratings. Do not use for empirical conclusions.,0.3888287616732403,-0.9980956087443869,0.25657124223619204,-0.06334808014542687,0.13527325396429207,0.11804762298136193
TUR,Turkiye,2023,0.9856513558622304,5.066117724190146,107.00224738511623,91.19477115745036,2.772515225981246,-1.627189990360435,37.27271290709032,3619.6064278703643,111.391602712443,3.712397348457035,406.8426629781293,synthetic_demo_only,SYNTHETIC DEMO DATA — generated by scripts/make_sample_data.py. NOT real sovereign ratings. Do not use for empirical conclusions.,0.17201426769292064,-0.7183217763035247,0.4750566759875241,-0.2725386639942539,0.7669094604747384,-0.241139962499685
USA,United States,2000,3.7256893868333787,-0.03809718447519028,67.10095074275604,61.90649319401275,7.740272618080013,5.456330360972312,48.59334438181804,21593.051089780216,8.074430260814944,1.888478405324702,8.0,synthetic_demo_only,SYNTHETIC DEMO DATA — generated by scripts/make_sample_data.py. NOT real sovereign ratings. Do not use for empirical conclusions.,1.1332911888499078,,,1.371857704491764,,1.254345210832476
USA,United States,2001,5.473382817774632,1.054242159374604,78.34560130128196,36.75026251848493,8.846672972606623,6.683187277653987,60.01735170770971,25070.018148043706,7.9477977571873755,-5.807544545982478,8.0,synthetic_demo_only,SYNTHETIC DEMO DATA — generated by scripts/make_sample_data.py. NOT real sovereign ratings. Do not use for empirical conclusions.,1.0861115157503527,0.9767935452811409,1.7396251067385047,1.606116328496586,,1.0613964032770806
USA,United States,2002,7.625743120472955,7.649240059919199,58.093269786760956,37.39885937440371,6.736869775699556,7.196647388268507,42.16023336971857,29262.55749914081,8.237000298970438,1.0266237807258927,11.60999345712586,synthetic_demo_only,SYNTHETIC DEMO DATA — generated by scripts/make_sample_data.py. NOT real sovereign ratings. Do not use for empirical conclusions.,1.3118535371541793,0.48490884581168336,1.1236818241248647,1.5140504179551504,1.0112425280940356,1.2728860499946228
USA,United States,2003,4.482684774678585,1.9841023859957976,63.865279043796555,37.95412473726079,9.52959301309079,1.340691571000486,52.926241483147685,14955.945002906854,7.680418150057582,0.05468391018744434,13.48473901904479,synthetic_demo_only,SYNTHETIC DEMO DATA — generated by scripts/make_sample_data.py. NOT real sovereign ratings. Do not use for empirical conclusions.,0.5620197989075738,1.599194627544987,1.539673655485168,1.0196737666116467,1.541886387718829,1.1231980919336213
USA,United States,2004,5.9429817304984915,4.221518619739741,80.5953551764977,42.035567177000665,9.77291328430201,4.191415174975743,53.81292599745081,14561.878615427777,7.457579075543413,-1.4309502822185753,8.0,synthetic_demo_only,SYNTHETIC DEMO DATA — generated by scripts/make_sample_data.py. NOT real sovereign ratings. Do not use for empirical conclusions.,1.52488203454305,0.46274151346652437,1.7588987187441758,1.7633785973714002,1.4782876397580371,1.2742724857140808
USA,United States,2005,4.6979767433559685,1.9613619243620801,,64.08329907768791,8.264911541610491,0.9846732651679604,,20999.265209094254,6.906578250894627,-3.7750207533054465,12.815015474913826,synthetic_demo_only,SYNTHETIC DEMO DATA — generated by scripts/make_sample_data.py. NOT real sovereign ratings. Do not use for empirical conclusions.,0.8946592730001215,0.5587051346567224,1.7456102253144767,1.418075316003363,1.0950962514661453,1.5355660877691708
USA,United States,2006,4.694399250496812,4.060159012611512,74.78328703051525,41.849357699645516,7.398583250493564,4.270990031886784,53.11723866651457,28504.07317243215,7.137495264758267,-0.6781005169939885,14.139040367975465,synthetic_demo_only,SYNTHETIC DEMO DATA — generated by scripts/make_sample_data.py. NOT real sovereign ratings. Do not use for empirical conclusions.,1.2850283217260592,1.4029459300920393,1.3909347465358912,1.4692525806859553,1.6492263047416704,1.1522771524842401
USA,United States,2007,5.015682822106296,1.3568778026589234,74.18734988064999,68.85297333013608,6.802532288926364,7.8587160546191,53.6338431408317,18950.77416985518,7.67985453675252,-2.9683507014927097,8.0,synthetic_demo_only,SYNTHETIC DEMO DATA — generated by scripts/make_sample_data.py. NOT real sovereign ratings. Do not use for empirical conclusions.,1.1193946124263279,0.8620177147480168,1.2706590073723705,1.329750135687752,1.3924526096638163,0.8377296954227963
USA,United States,2008,8.742977938661653,-1.335968998589446,80.77412904555825,50.747049225704245,9.002382484629816,6.794048904421802,54.86145853571536,20253.26909688288,8.35316621613371,-2.1492720348325047,12.074899307331828,synthetic_demo_only,SYNTHETIC DEMO DATA — generated by scripts/make_sample_data.py. NOT real sovereign ratings. Do not use for empirical conclusions.,0.48209136804708774,0.5600754524477234,0.8537659519415759,0.853552210903471,0.5941143254539853,1.284400086628275
USA,United States,2009,4.365116143951434,6.0927486569031295,65.1878912065563,52.08304850605249,8.789180436406665,5.564675609022446,46.69712022315364,20609.615259323087,8.282965620926682,1.5115810713667202,15.739250668975473,synthetic_demo_only,SYNTHETIC DEMO DATA — generated by scripts/make_sample_data.py. NOT real sovereign ratings. Do not use for empirical conclusions.,0.6955520510497211,0.5085825002973766,1.287106948217882,1.5514572703496028,1.2704378443253816,1.4445778826261626
USA,United States,2010,6.882432779831593,2.490116264770036,62.88662804576105,38.55608487879585,6.791657899587979,2.001454461902206,48.900805029367774,24189.37638562071,8.001334857613221,-0.02459210080204044,8.0,synthetic_demo_only,SYNTHETIC DEMO DATA — generated by scripts/make_sample_data.py. NOT real sovereign ratings. Do not use for empirical conclusions.,1.2115554328660367,1.006875102336529,1.4232333754904185,1.4551463577436712,0.7728584861275268,1.3236760670721663
USA,United States,2011,7.077059765732684,0.11905525215384571,,55.0596943560037,6.265320187670694,5.068659981418255,51.120648568555666,26300.284414276826,7.444473144192412,2.446121168629524,8.0,synthetic_demo_only,SYNTHETIC DEMO DATA — generated by scripts/make_sample_data.py. NOT real sovereign ratings. Do not use for empirical conclusions.,1.270480153544958,1.181302422203576,1.4725332274240548,1.1495293807171634,0.9844546706082125,1.3542846413878549
USA,United States,2012,3.4576700997014003,-3.0,75.70260012460102,56.24426621535581,7.880628353113952,4.51051986639343,43.71056516849951,20999.695471916468,7.609473378168566,2.399117218265734,8.289261917197491,synthetic_demo_only,SYNTHETIC DEMO DATA — generated by scripts/make_sample_data.py. NOT real sovereign ratings. Do not use for empirical conclusions.,1.1817717181815175,1.5662879931685425,1.2799469952548919,1.0164640203657824,1.2385827665996254,1.5556618476776019
USA,United States,2013,2.953614036806204,1.1494780196957548,72.72315263420212,58.29665842150734,8.314230819503075,7.132132700575172,54.16182923375451,20644.564000592298,7.142259931742509,-0.028721339739894436,8.0,synthetic_demo_only,SYNTHETIC DEMO DATA — generated by scripts/make_sample_data.py. NOT real sovereign ratings. Do not use for empirical conclusions.,1.224563698542421,0.6997850212139911,0.9408740855933095,1.9011862131130606,1.4931310400153468,0.7699164066660634
USA,United States,2014,1.6638622900967164,0.5751485711920192,67.63792252964666,36.99559452630296,8.996724257629873,2.3635098394759537,42.354527381261,22583.72594089554,7.261112248436741,0.31667160849447384,8.0,synthetic_demo_only,SYNTHETIC DEMO DATA — generated by scripts/make_sample_data.py. NOT real sovereign ratings. Do not use for empirical conclusions.,1.7339901002675426,0.5651776324890583,1.459625666099241,1.2917406352815894,1.2574651552687728,0.7326952986754295
USA,United States,2015,5.738789592717582,5.821445522393688,78.68456697838724,46.315930245871755,7.205577910451788,5.305220369257938,43.0970612178666,15798.914088128458,7.432109357809552,-4.451185904515322,8.626528225462282,synthetic_demo_only,SYNTHETIC DEMO DATA — generated by scripts/make_sample_data.py. NOT real sovereign ratings. Do not use for empirical conclusions.,1.4828061686024798,0.8566366188769573,1.321746858729866,1.3591737466841094,0.6588138525669651,1.4043256360711411
USA,United States,2016,5.0395798140457835,4.066479330659933,67.02019312310723,34.05963298993608,8.224459775578902,1.38016613989114,60.695675137854096,15274.21120724591,6.778444808095569,-1.0763589203836414,9.581587717880842,synthetic_demo_only,SYNTHETIC DEMO DATA — generated by scripts/make_sample_data.py. NOT real sovereign ratings. Do not use for empirical conclusions.,1.6776489300250528,0.8367785861967033,1.3014996305589923,1.3885515750683464,1.1424757535481822,1.2940124672264888
USA,United States,2017,4.1414609911770555,,80.3636745551689,42.16894053569419,10.280048103162597,0.40701335951899864,45.632811757601566,16474.62128321492,7.118210277223164,-1.841658760700437,8.0,synthetic_demo_only,SYNTHETIC DEMO DATA — generated by scripts/make_sample_data.py. NOT real sovereign ratings. Do not use for empirical conclusions.,1.1164508802070638,0.9629655918780202,1.0976485863526866,1.235338572991323,0.846932603227252,1.853660557226792
USA,United States,2018,4.14408528026219,2.455988825324296,57.39282572370726,47.54707812356132,7.1368122327458385,5.197471060990878,49.971252999037326,19288.26755749755,6.5501886551934385,-2.6810351328611715,9.912448157609736,synthetic_demo_only,SYNTHETIC DEMO DATA — generated by scripts/make_sample_data.py. NOT real sovereign ratings. Do not use for empirical conclusions.,0.7531034879102905,0.8870144140702327,1.5109900708233028,0.905721792596358,0.948137307069109,1.4513940018091702
USA,United States,2019,6.939928495082514,0.6167337279860772,59.91774573315111,46.82318896961588,7.848851323689682,1.8377778932182713,45.24383848736263,24092.94718970477,6.950092565841421,3.121477570002596,8.0,synthetic_demo_only,SYNTHETIC DEMO DATA — generated by scripts/make_sample_data.py. NOT real sovereign ratings. Do not use for empirical conclusions.,1.3975592249154667,1.361004651264489,1.4368580704729204,1.179340899423778,1.1308515329784485,1.2957310171059957
USA,United States,2020,3.2315682418209795,3.0433544251199947,65.28223800517245,38.772825871984054,7.1683943943054675,3.4203891970130504,50.61013733927883,19890.05677059339,5.962314653435677,-5.528929028329609,8.0,synthetic_demo_only,SYNTHETIC DEMO DATA — generated by scripts/make_sample_data.py. NOT real sovereign ratings. Do not use for empirical conclusions.,1.7339530072178353,0.6077556880989916,1.4688081805347302,1.3021062464625632,1.6571155396400994,1.3275402126511529
USA,United States,2021,3.6816298406276466,3.6724933378245184,66.20716841799029,66.66267912370324,9.749342452358043,0.6000578243279628,46.73583355985184,27950.767484308388,5.942078066247458,1.567578532039148,8.0,synthetic_demo_only,SYNTHETIC DEMO DATA — generated by scripts/make_sample_data.py. NOT real sovereign ratings. Do not use for empirical conclusions.,1.0190657143330817,1.0181113169479792,0.9297781632483907,1.1508773631913864,0.590834746981749,1.122756062427038
USA,United States,2022,3.3647415843204733,2.2048595090327736,62.93942925511799,56.187806234185416,8.585320318996677,0.4106772761784452,,20154.96700805787,5.965316313653717,2.6134348522477397,12.39595225179934,synthetic_demo_only,SYNTHETIC DEMO DATA — generated by scripts/make_sample_data.py. NOT real sovereign ratings. Do not use for empirical conclusions.,1.3121819230330491,1.3712271850621973,1.0152947889036574,1.0582826298505956,1.4129118560782326,1.2180704369414241
USA,United States,2023,4.048084734694149,-2.1297755912828933,71.72896611872754,59.74995149050431,7.925364071677959,4.816352100199501,55.52510085703638,20010.136394043173,5.566119217363595,-1.1551147874678427,8.0,synthetic_demo_only,SYNTHETIC DEMO DATA — generated by scripts/make_sample_data.py. NOT real sovereign ratings. Do not use for empirical conclusions.,1.2422279008106283,1.1014537935648143,1.5427856753572142,1.455590270690471,1.5995459170014945,1.3615751615888765
ZAF,South Africa,2000,0.3468367899936573,4.359263214374189,110.4217273844769,81.24435953153287,4.0066239196326645,0.18845009011260402,30.473088888299177,4151.004694773036,4.954218528798615,3.768158245596668,227.9964278831016,synthetic_demo_only,SYNTHETIC DEMO DATA — generated by scripts/make_sample_data.py. NOT real sovereign ratings. Do not use for empirical conclusions.,,-0.662411351928441,0.12390360510511889,0.18420726880909688,,-0.12978769349779656
ZAF,South Africa,2001,2.1661765032090017,12.234417487582384,105.9027874057994,90.20687885092532,5.848925132172642,2.28858312340855,26.460605820119685,3191.163962645866,5.224364521010317,0.9021495831887165,153.13300414051992,synthetic_demo_only,SYNTHETIC DEMO DATA — generated by scripts/make_sample_data.py. NOT real sovereign ratings. Do not use for empirical conclusions.,0.45863594190059226,0.2736592917926872,0.23736587493876066,,0.7210033540287063,0.14717404218115265
ZAF,South Africa,2002,0.9623586513833182,6.32333746943039,111.51753710957439,109.50673738785349,7.327649803350242,3.688969905432018,30.784652238901177,2868.6993532426523,5.22593312832987,0.09812961145162014,176.66017077166907,synthetic_demo_only,SYNTHETIC DEMO DATA — generated by scripts/make_sample_data.py. NOT real sovereign ratings. Do not use for empirical conclusions.,-0.16090826001844402,-0.08550038455272319,0.14427845829247243,-0.027237757142826002,0.2979862988887717,-0.12185999507395413
ZAF,South Africa,2003,0.9355940651135355,6.876200901744879,111.28706385669499,70.92560238087826,4.062986946094623,-0.1977374055223346,44.38500861002659,4364.078368893122,4.880050513516878,-0.6753187175860882,260.86942801309885,synthetic_demo_only,SYNTHETIC DEMO DATA — generated by scripts/make_sample_data.py. NOT real sovereign ratings. Do not use for empirical conclusions.,0.21221859977027913,-0.15244036063502373,-0.15601587405036121,0.41727946772350855,0.5603470702288031,-0.3937856361381038
ZAF,South Africa,2004,1.9312231756600156,8.367534858195397,108.16652057153776,82.98256342039781,5.607331025965346,2.340323665747621,28.54746082718543,6338.223373479073,5.582491005907933,2.7250532238405114,116.35724185051097,synthetic_demo_only,SYNTHETIC DEMO DATA — generated by scripts/make_sample_data.py. NOT real sovereign ratings. Do not use for empirical conclusions.,-0.03423910218952045,-0.32469045275956976,0.3357442566862878,0.45412942591276895,0.4742683467526789,0.5024217080529647
ZAF,South Africa,2005,3.0876748994589343,9.029940911733302,100.55908160522404,98.2230824810147,3.4091733248933576,-1.5375277718880391,30.236758578670354,4309.656074712497,5.325807615827994,3.7225407300129287,341.1146662445943,synthetic_demo_only,SYNTHETIC DEMO DATA — generated by scripts/make_sample_data.py. NOT real sovereign ratings. Do not use for empirical conclusions.,-0.4367345466370916,0.14584145204190269,-0.0456447374757972,0.3824940489296488,0.33517354560171286,0.4552843601682718
ZAF,South Africa,2006,0.9475380881612273,5.701583476187646,99.81927014237657,100.75688791314619,3.666174592209121,-0.2331153272797358,34.83593214932863,3388.2076758584003,5.02766929934154,1.4905258223401847,265.51942378057333,synthetic_demo_only,SYNTHETIC DEMO DATA — generated by scripts/make_sample_data.py. NOT real sovereign ratings. Do not use for empirical conclusions.,0.06603809157506776,0.07743744856523738,0.47098993275491047,0.3982687556101352,0.16091040666386536,-0.14516015868604387
ZAF,South Africa,2007,2.5942009393623984,5.455848882113815,111.5854737180866,97.8795487245831,4.072955365766002,3.0213828405624144,18.09394868446416,3469.7747242416676,5.303991847046474,-0.9973631473565483,166.85673258595983,synthetic_demo_only,SYNTHETIC DEMO DATA — generated by scripts/make_sample_data.py. NOT real sovereign ratings. Do not use for empirical conclusions.,0.6588195476470765,-0.19519524053822987,0.3689490049837417,0.19193270773949703,0.2969990311419766,-0.10359680835797289
ZAF,South Africa,2008,2.4238150753526386,7.230932327901154,101.32769097427693,73.48331075192907,5.956827044404178,2.015921648279245,25.791858624786556,4075.614462950843,5.174114679098368,-3.728823734319488,181.31973353946086,synthetic_demo_only,SYNTHETIC DEMO DATA — generated by scripts/make_sample_data.py. NOT real sovereign ratings. Do not use for empirical conclusions.,0.044545296632534356,0.16230327754843005,0.8035961966910781,-0.05204017558283558,0.05725036999437394,0.14150934625598438
ZAF,South Africa,2009,0.17179501230818528,12.636520248008654,116.88591123036679,93.78096274073165,5.561228260288152,-3.27778188833013,35.386835066544094,3230.3828776602677,5.3885338722957234,2.359636088358912,211.57349609194213,synthetic_demo_only,SYNTHETIC DEMO DATA — generated by scripts/make_sample_data.py. NOT real sovereign ratings. Do not use for empirical conclusions.,0.334286661259522,-0.3111102931484518,0.8767905209839304,-0.014609145717324301,0.061611876868907955,-0.5069011639001549
ZAF,South Africa,2010,3.164394485197699,,120.99288984362713,87.68984309612676,5.408300755181813,1.4960768867989935,28.594769710792633,3504.369133344504,6.000957239925112,0.8424462234228459,123.2160209303676,synthetic_demo_only,SYNTHETIC DEMO DATA — generated by scripts/make_sample_data.py. NOT real sovereign ratings. Do not use for empirical conclusions.,0.008671091894934979,-0.12903467105302185,0.37187314164640994,-0.626168521344463,0.2544330081957101,0.07571286789347122
ZAF,South Africa,2011,2.5259423888705417,2.388460399999431,121.06202477012597,97.46608061081905,6.256433807661945,-1.1519327485564927,28.313147465785796,5005.467159577269,6.299710720457402,1.4217548893368135,123.05784372087851,synthetic_demo_only,SYNTHETIC DEMO DATA — generated by scripts/make_sample_data.py. NOT real sovereign ratings. Do not use for empirical conclusions.,0.2543973813610542,-0.1881656290182953,0.40566109927386235,0.0638512201233106,-0.09575496183054633,0.8113044853481499
ZAF,South Africa,2012,0.22889719857608037,7.473765826865403,108.31805863521765,96.17124609184454,5.860440669409628,1.9068108228955092,30.65661551565307,4233.21563863242,6.007008674393564,4.297561054796832,69.003295232396,synthetic_demo_only,SYNTHETIC DEMO DATA — generated by scripts/make_sample_data.py. NOT real sovereign ratings. Do not use for empirical conclusions.,0.23148127155420828,-0.19307136829763905,0.9272856392387027,0.9301147702694924,-0.022699926165734574,0.023637963892294084
ZAF,South Africa,2013,2.433527741052779,10.317509535875947,104.27269109263229,84.2721077658535,3.8089448113146713,-0.45136774230130156,25.88635746487087,3195.8678730259853,6.158396944334387,6.126802469245683,190.98572599433737,synthetic_demo_only,SYNTHETIC DEMO DATA — generated by scripts/make_sample_data.py. NOT real sovereign ratings. Do not use for empirical conclusions.,0.0552726904050472,-0.054253963195884866,0.35869404004799577,-0.07876202246002012,0.2434086645944759,-0.09885136249074813
ZAF,South Africa,2014,2.2501735053689567,6.87806243195671,113.89331645334882,91.66686746783019,3.033840037291644,-1.259451680282944,25.928822761277438,3599.982166905912,6.199947770023025,0.24314600433555578,142.25152559290325,synthetic_demo_only,SYNTHETIC DEMO DATA — generated by scripts/make_sample_data.py. NOT real sovereign ratings. Do not use for empirical conclusions.,-0.34448578738598296,-0.6008122612679792,0.5528552449794507,-0.15036875598446303,0.6201838812900625,-0.15678506596335248
ZAF,South Africa,2015,1.7824788866180517,12.014889475643422,108.01863371435019,92.3764402249776,6.31424144410731,3.496564100948312,33.49026349156659,4108.01032855067,6.3869002526975445,5.716558499078916,247.69988051008613,synthetic_demo_only,SYNTHETIC DEMO DATA — generated by scripts/make_sample_data.py. NOT real sovereign ratings. Do not use for empirical conclusions.,0.4619410245378377,-0.16225704379950925,0.24801583459922713,-0.0856269657814942,-0.20384699767823047,0.2541855157560468
ZAF,South Africa,2016,2.5551353790373543,8.166989487065905,114.45472859651649,98.5793732378235,4.541425168551297,1.8842986871950638,,3681.9020107547794,6.604068471760032,0.21715011416199603,151.37973471629002,synthetic_demo_only,SYNTHETIC DEMO DATA — generated by scripts/make_sample_data.py. NOT real sovereign ratings. Do not use for empirical conclusions.,0.2136029625511192,-0.43487328088611277,0.28040457625699755,0.48549242968739026,0.08101892190574891,-0.31332620486414425
ZAF,South Africa,2017,-1.815711175639962,9.564885992835073,107.80276935842261,91.2370149739664,5.548640598708575,2.608873639670434,26.104997983471414,3639.6828464258947,6.947284346992588,0.8214831709647656,395.41427414602197,synthetic_demo_only,SYNTHETIC DEMO DATA — generated by scripts/make_sample_data.py. NOT real sovereign ratings. Do not use for empirical conclusions.,-0.0829924350288277,-0.3727772024378483,0.38387086020803085,0.16560768619885122,0.020873178544777743,0.16489684495012608
ZAF,South Africa,2018,2.5417341789309678,7.54182253281281,117.53986937956287,112.99487042666135,8.540112024116755,-3.5471865520499946,34.64105190064177,3982.7003223541055,6.712459726503839,6.4208936552754015,160.4878923551396,synthetic_demo_only,SYNTHETIC DEMO DATA — generated by scripts/make_sample_data.py. NOT real sovereign ratings. Do not use for empirical conclusions.,0.10203510560084983,-0.18057938986195007,0.08717182202195155,0.35883522825289416,-0.1001710256099742,0.020580732526027636
ZAF,South Africa,2019,3.8684306089502725,6.757475101527314,101.27469829449034,62.01710638464772,5.908158332217188,0.9025376108898862,25.48403699309967,4621.910076738813,6.933865537338698,1.8780175806904311,248.27884492022866,synthetic_demo_only,SYNTHETIC DEMO DATA — generated by scripts/make_sample_data.py. NOT real sovereign ratings. Do not use for empirical conclusions.,-0.44042625516935063,-0.3754477722738349,0.21522231254744356,0.5372219252798529,0.35472319311849154,-0.011024442199556561
ZAF,South Africa,2020,-1.4375000567985525,6.395103064333453,112.15786799677669,91.19494342425135,2.000854506378166,-2.5758956713160557,28.492150232323887,2415.458964446199,7.603911644973843,-1.7968622422023923,432.40922998008597,synthetic_demo_only,SYNTHETIC DEMO DATA — generated by scripts/make_sample_data.py. NOT real sovereign ratings. Do not use for empirical conclusions.,0.03090736484464987,0.05991620541180165,0.6054026597735359,0.02473959403639768,-0.33333877596750605,-0.4156051962310388
ZAF,South Africa,2021,2.6970575083349795,11.282205406873533,97.7512590686826,83.6145754991739,3.1712318135663544,-4.2403000919807905,27.99305248003322,4546.149018344814,7.4043533001546376,4.060689805050284,119.09431226013547,synthetic_demo_only,SYNTHETIC DEMO DATA — generated by scripts/make_sample_data.py. NOT real sovereign ratings. Do not use for empirical conclusions.,-0.0910547710380069,0.15804918730962847,-0.3280400583851851,0.7037736440236932,0.09475054153991365,0.3149427813852875
ZAF,South Africa,2022,0.2373288352198375,8.840573723659439,117.64783176010295,92.89173254874065,5.191633350938317,1.4851133677814043,27.179586704729164,2719.5352757642872,7.816874697864748,-1.6613547232034147,291.8498811392824,synthetic_demo_only,SYNTHETIC DEMO DATA — generated by scripts/make_sample_data.py. NOT real sovereign ratings. Do not use for empirical conclusions.,-0.6397102371872566,0.3354922871527097,0.6780583666795467,0.2831245821245097,0.24286579248038853,-0.3910746869413505
ZAF,South Africa,2023,-1.2381179490083691,7.916556620620419,,105.66524797083537,3.6971411142012216,-0.9929263183642831,36.26354675864678,3085.5774427491447,7.67769402675284,1.0835394455283884,173.9663671268474,synthetic_demo_only,SYNTHETIC DEMO DATA — generated by scripts/make_sample_data.py. NOT real sovereign ratings. Do not use for empirical conclusions.,0.1698371416371325,-0.1536725635273423,0.04985229281680742,-0.008187662975098459,-0.0854849835857239,0.1872418339725379
